Date,rho_14d,rho_30d,rv_ratio,vix,regime,sub_regime,regime_naive
2020-01-02,,,,12.470000267028809,crypto_native,n/a,crypto_native
2020-01-03,,,,14.020000457763672,crypto_native,n/a,crypto_native
2020-01-06,,,,13.850000381469727,crypto_native,n/a,crypto_native
2020-01-07,,,,13.789999961853027,crypto_native,n/a,crypto_native
2020-01-08,,,,13.449999809265137,crypto_native,n/a,crypto_native
2020-01-09,,,,12.539999961853027,crypto_native,n/a,crypto_native
2020-01-10,,,,12.5600004196167,crypto_native,n/a,crypto_native
2020-01-13,,,5.9190087688286726,12.319999694824219,crypto_native,n/a,crypto_native
2020-01-14,,,8.830665730640693,12.390000343322754,crypto_native,n/a,crypto_native
2020-01-15,,,8.85127823518164,12.420000076293945,crypto_native,n/a,crypto_native
2020-01-16,,,8.372603444632649,12.319999694824219,crypto_native,n/a,crypto_native
2020-01-17,,,8.27107453645125,12.100000381469727,crypto_native,n/a,crypto_native
2020-01-21,,,6.944407415732517,12.850000381469727,crypto_native,n/a,crypto_native
2020-01-22,,,7.734658265304388,12.90999984741211,crypto_native,n/a,crypto_native
2020-01-23,-0.5968329341691996,,9.837411108735937,12.979999542236328,crypto_native,n/a,crypto_native
2020-01-24,-0.38355940253037596,,3.211138005937722,14.5600004196167,crypto_native,n/a,crypto_native
2020-01-27,-0.480814435477271,,2.758477140705919,18.229999542236328,crypto_native,n/a,crypto_native
2020-01-28,-0.2756443739812929,,3.19733233270152,16.280000686645508,crypto_native,n/a,crypto_native
2020-01-29,-0.2412829809507779,,3.34072718151871,16.389999389648438,crypto_native,n/a,crypto_native
2020-01-30,-0.1611155725950929,,3.2859813032352196,15.489999771118164,crypto_native,n/a,crypto_native
2020-01-31,0.048714958395641945,,2.7945671592331345,18.84000015258789,crypto_native,n/a,crypto_native
2020-02-03,0.048374844936879144,,2.16984041138101,17.969999313354492,crypto_native,n/a,crypto_native
2020-02-04,-0.017360845932307793,,2.037510676566535,16.049999237060547,crypto_native,n/a,crypto_native
2020-02-05,0.1253599256862779,,2.527684039037159,15.149999618530273,crypto_native,n/a,crypto_native
2020-02-06,0.17783749340716137,,2.0845698870691316,14.960000038146973,crypto_native,n/a,crypto_native
2020-02-07,0.1637268361420394,,1.9661554646617296,15.470000267028809,crypto_native,n/a,crypto_native
2020-02-10,0.08433314295875129,,2.142618875817912,15.039999961853027,crypto_native,n/a,crypto_native
2020-02-11,0.08778526669664138,,3.8618306528995987,15.180000305175781,crypto_native,n/a,crypto_native
2020-02-12,0.10247969752736862,,3.770062269257421,13.739999771118164,crypto_native,n/a,crypto_native
2020-02-13,0.10459435115865504,,4.386454362397334,14.149999618530273,crypto_native,n/a,crypto_native
2020-02-14,0.32855962618222917,-0.13291271730165555,4.352781206563248,13.680000305175781,crypto_native,n/a,crypto_native
2020-02-18,0.12225285236376592,-0.10521845901195048,5.213233326873819,14.829999923706055,crypto_native,n/a,crypto_native
2020-02-19,0.038726820669017344,-0.14617953763485567,8.738098930960229,14.380000114440918,crypto_native,n/a,crypto_native
2020-02-20,0.04606946839690271,-0.11201420616317317,8.239818695245688,15.5600004196167,crypto_native,n/a,crypto_native
2020-02-21,-0.14083887016169883,-0.09957550194612699,5.068064642484015,17.079999923706055,crypto_native,n/a,crypto_native
2020-02-24,0.19676436672626557,0.1026476912499143,2.361054308961772,25.030000686645508,crypto_native,n/a,crypto_native
2020-02-25,0.40898735155977,0.2187179281250858,2.0921930274993032,27.850000381469727,crypto_native,n/a,transition
2020-02-26,0.2630865411975692,0.22755979095729625,2.437091752628342,27.559999465942383,crypto_native,n/a,transition
2020-02-27,0.164765812603125,0.227500185279961,1.3424429921557022,39.15999984741211,crypto_native,n/a,transition
2020-02-28,0.15934589214616285,0.23399668982258154,1.3296702274813903,40.11000061035156,crypto_native,n/a,transition
2020-03-02,0.3952187518341352,0.3290062838214179,1.0149123833708513,33.41999816894531,crypto_native,n/a,transition
2020-03-03,0.3783909013238668,0.3279372493811691,0.9509808039342318,36.81999969482422,crypto_native,n/a,transition
2020-03-04,0.32621576586393797,0.28343009796348445,0.8051950685747365,31.989999771118164,crypto_native,n/a,transition
2020-03-05,0.1808346143938449,0.19360847984205484,0.8902590809858447,39.619998931884766,crypto_native,n/a,crypto_native
2020-03-06,0.16005146420690086,0.20492630032255418,0.5715574394342926,41.939998626708984,crypto_native,n/a,transition
2020-03-09,0.19607523591184273,0.2631549758142978,0.5353419190562562,54.459999084472656,crypto_native,n/a,transition
2020-03-10,0.2936841267972819,0.2615047752827438,0.4547892481140533,47.29999923706055,crypto_native,n/a,transition
2020-03-11,0.2598240829961225,0.22799438299432973,0.38878717905558635,53.900001525878906,crypto_native,n/a,transition
2020-03-12,0.5498261117515857,0.5675450985705526,3.1481295792387813,75.47000122070312,crypto_native_bypass,n/a,equity_coupled
2020-03-13,0.6117161144596565,0.6032524111379169,2.79319742446208,57.83000183105469,crypto_native_bypass,n/a,equity_coupled
2020-03-16,0.5701253609822384,0.5739529514641601,2.3445507528677885,82.69000244140625,equity_coupled,event_spike,equity_coupled
2020-03-17,0.5864469933062184,0.5790013376814888,2.1746330955998707,75.91000366210938,equity_coupled,event_spike,equity_coupled
2020-03-18,0.5792890751980825,0.5662172775747022,2.2452784177342195,76.44999694824219,equity_coupled,event_spike,equity_coupled
2020-03-19,0.5686114840018165,0.5491558653229491,2.589370097354234,72.0,crypto_native_bypass,n/a,equity_coupled
2020-03-20,0.55876430899402,0.5404103847277526,2.5983236258533537,66.04000091552734,crypto_native_bypass,n/a,equity_coupled
2020-03-23,0.539098114408074,0.5151249608216633,1.1152723163385931,61.59000015258789,equity_coupled,fear_driven,equity_coupled
2020-03-24,0.5429347456424363,0.5160818459109453,1.0459845568063642,61.66999816894531,equity_coupled,fear_driven,equity_coupled
2020-03-25,0.5482168623457017,0.5123875344594834,1.182933298760812,63.95000076293945,equity_coupled,fear_driven,equity_coupled
2020-03-26,0.5330643218126299,0.4997065060497018,1.2159035034834151,61.0,transition,n/a,transition
2020-03-27,0.5491183086994474,0.5025457127593858,1.4033782729121724,65.54000091552734,equity_coupled,fear_driven,equity_coupled
2020-03-30,0.5731485875251322,0.51413284557453,0.9638084113372618,57.08000183105469,equity_coupled,fear_driven,equity_coupled
2020-03-31,0.5829100251901403,0.5140132345525448,1.0502173287261047,53.540000915527344,equity_coupled,fear_driven,equity_coupled
2020-04-01,0.5273976064600046,0.5091096038815895,0.7872131515134895,57.060001373291016,equity_coupled,fear_driven,equity_coupled
2020-04-02,0.44158920488345965,0.5115125103523855,0.9788653709980693,50.90999984741211,equity_coupled,fear_driven,equity_coupled
2020-04-03,0.2246115041940556,0.5117712410082175,0.9677847878150514,46.79999923706055,equity_coupled,fear_driven,equity_coupled
2020-04-06,0.2733050754078303,0.5214611629739663,1.0416023023983398,45.2400016784668,equity_coupled,fear_driven,equity_coupled
2020-04-07,0.23951346296670548,0.5184620253325879,0.99238407850773,46.70000076293945,equity_coupled,fear_driven,equity_coupled
2020-04-08,0.3506002400519068,0.5218201597170398,0.7430046896087811,43.349998474121094,equity_coupled,fear_driven,equity_coupled
2020-04-09,0.31305550743288857,0.5232536372906451,0.7875552278994777,41.66999816894531,equity_coupled,fear_driven,equity_coupled
2020-04-13,0.6185958273527619,0.523459364088901,1.0713193969622818,41.16999816894531,equity_coupled,fear_driven,equity_coupled
2020-04-14,0.5468012637308617,0.517583522925,1.0279267002880477,37.7599983215332,equity_coupled,fear_driven,equity_coupled
2020-04-15,0.5902077346530271,0.5198190602993797,1.0688198925496244,40.84000015258789,equity_coupled,fear_driven,equity_coupled
2020-04-16,0.6111838347869051,0.5279077693202073,1.6141189548150618,40.11000061035156,equity_coupled,fear_driven,equity_coupled
2020-04-17,0.5084877944828318,0.5348495595182647,1.5272552446909609,38.150001525878906,equity_coupled,fear_driven,equity_coupled
2020-04-20,0.5074199847875608,0.5379931903510333,1.7069205510702792,43.83000183105469,equity_coupled,fear_driven,equity_coupled
2020-04-21,0.49924242137890934,0.5443459751367534,1.4968618918621284,45.40999984741211,equity_coupled,fear_driven,equity_coupled
2020-04-22,0.6707983665056153,0.5566759225088705,1.4826321448552322,41.97999954223633,equity_coupled,fear_driven,equity_coupled
2020-04-23,0.6073196558358591,0.5636172236904896,1.8148393982745719,41.380001068115234,equity_coupled,fear_driven,equity_coupled
2020-04-24,0.5974409927620247,0.501274946931597,1.73147411302786,35.93000030517578,equity_coupled,fear_driven,equity_coupled
2020-04-27,0.4268017979886537,0.4309608151638185,1.3170757534229074,33.290000915527344,transition,n/a,transition
2020-04-28,0.42039509158350546,0.29493491418491685,1.4603838235817934,33.56999969482422,crypto_native,n/a,transition
2020-04-29,0.48909953005649026,0.30375564099752544,2.0885902863703913,31.229999542236328,crypto_native,n/a,transition
2020-04-30,0.5334545538271742,0.3038380547870117,3.1581102163803707,34.150001525878906,crypto_native,n/a,transition
2020-05-01,0.4480939006684718,0.3650891901310101,2.4144656322110047,37.189998626708984,transition,n/a,transition
2020-05-04,0.5260662716296093,0.3592062292271036,2.4460652738521005,35.970001220703125,transition,n/a,transition
2020-05-05,0.46064357268999745,0.49078330488029315,2.5160861467684947,33.61000061035156,transition,n/a,transition
2020-05-06,0.45496307368241845,0.4614928848205145,2.6270278594131424,34.119998931884766,transition,n/a,transition
2020-05-07,0.5809124525529181,0.4637840880462679,2.6479628083279922,31.440000534057617,transition,n/a,transition
2020-05-08,0.4236053573063227,0.5084567859907921,1.9049112251496707,27.979999542236328,equity_coupled,neutral_coupled,equity_coupled
2020-05-11,0.3946462284746667,0.4654569476628229,1.984335483461941,27.56999969482422,transition,n/a,transition
2020-05-12,0.34892028980320494,0.4063176931138602,2.363312725996606,33.040000915527344,transition,n/a,transition
2020-05-13,0.2598651596342777,0.356341525296367,2.199170106401636,35.279998779296875,transition,n/a,transition
2020-05-14,0.3064727323283501,0.4124205409871035,2.2114403368520184,32.61000061035156,transition,n/a,transition
2020-05-15,0.2689220302031013,0.39171721669065446,2.8780027619525455,31.889999389648438,transition,n/a,transition
2020-05-18,0.17652980656607797,0.35879285746708994,1.9025714974276329,29.299999237060547,transition,n/a,transition
2020-05-19,-0.11479734551304449,0.26552160784318085,1.898165158817178,30.530000686645508,crypto_native,n/a,transition
2020-05-20,-0.232840550020747,0.23127342185432392,1.8158204976127148,27.989999771118164,crypto_native,n/a,transition
2020-05-21,-0.08801877702984218,0.24814223721688908,2.3339022318015403,29.530000686645508,crypto_native,n/a,transition
2020-05-22,-0.08712241801350429,0.2606899676488334,2.330959684265504,28.15999984741211,crypto_native,n/a,transition
2020-05-26,-0.1097579290662948,0.23339291778010063,1.6088395869166998,28.010000228881836,crypto_native,n/a,transition
2020-05-27,-0.02212207481463718,0.27721331485420975,1.834271281103767,27.6200008392334,crypto_native,n/a,transition
2020-05-28,-0.13524331684226115,0.22372084770130946,2.8009700311139625,28.59000015258789,crypto_native,n/a,transition
2020-05-29,-0.10723663832839835,0.21892217346727094,3.4236667584213434,27.510000228881836,crypto_native,n/a,transition
2020-06-01,-0.0980748616719936,0.24653642892446875,5.061598101567061,28.229999542236328,crypto_native,n/a,transition
2020-06-02,-0.08718212091102014,0.1463848664423726,7.547628101398322,26.84000015258789,crypto_native,n/a,crypto_native
2020-06-03,0.11844087905820545,0.12763698346777155,7.208545612225527,25.65999984741211,crypto_native,n/a,crypto_native
2020-06-04,0.052382484057854964,0.10596254303389006,6.1441290728963684,25.809999465942383,crypto_native,n/a,crypto_native
2020-06-05,-0.02589389065952199,0.07261190672024825,4.271003917617121,24.520000457763672,crypto_native,n/a,crypto_native
2020-06-08,-0.051681182971784555,0.06474024345274541,4.419893851226697,25.809999465942383,crypto_native,n/a,crypto_native
2020-06-09,-0.061434358288472955,0.06840546451987575,3.600476733744717,27.56999969482422,crypto_native,n/a,crypto_native
2020-06-10,-0.015535229447047702,0.06493141513834683,2.2669244482910345,27.56999969482422,crypto_native,n/a,crypto_native
2020-06-11,0.35215801297009836,0.13917558295195767,0.8969007493681217,40.790000915527344,crypto_native,n/a,crypto_native
2020-06-12,0.3623758203240863,0.1342454999830358,0.9156232453786046,36.09000015258789,crypto_native,n/a,crypto_native
2020-06-15,0.3816250796508782,0.17550549265148802,0.8747109685377281,34.400001525878906,crypto_native,n/a,crypto_native
2020-06-16,0.3529639029813323,0.17650275725751174,0.9154102380405914,33.66999816894531,crypto_native,n/a,crypto_native
2020-06-17,0.3894339346765635,0.17912960029227887,0.9437215941536587,33.470001220703125,crypto_native,n/a,crypto_native
2020-06-18,0.3940942095554104,0.1977531580397807,0.9386004547420792,32.939998626708984,crypto_native,n/a,crypto_native
2020-06-19,0.49171942745420094,0.182453354631214,0.92289105736897,35.119998931884766,crypto_native,n/a,crypto_native
2020-06-22,0.6979935299166886,0.2033509839225391,1.9224680045206985,31.770000457763672,crypto_native,n/a,transition
2020-06-23,0.6860017739163079,0.2013037969000413,2.013013404879298,31.3700008392334,crypto_native,n/a,transition
2020-06-24,0.7483774634472344,0.29046181122623327,1.5540803333593614,33.84000015258789,crypto_native,n/a,transition
2020-06-25,0.8425152851819022,0.3771545241023532,1.7135286536119332,32.220001220703125,transition,n/a,transition
2020-06-26,0.8397983078924027,0.36742845556175335,1.4071275999831383,34.72999954223633,transition,n/a,transition
2020-06-29,0.8436668432096347,0.38895243871024227,1.2820917029038856,31.780000686645508,transition,n/a,transition
2020-06-30,0.8310767347895133,0.38555505756583086,1.1697527264222154,30.43000030517578,transition,n/a,transition
2020-07-01,0.6491622809466809,0.39163503644688624,0.7843944509289212,28.6200008392334,transition,n/a,transition
2020-07-02,0.6081531162104117,0.4203966064172979,0.7837591394411173,27.68000030517578,transition,n/a,transition
2020-07-06,0.6347703141676113,0.4275349857024342,1.1030791020955102,27.940000534057617,transition,n/a,transition
2020-07-07,0.6430494602169956,0.43664980441844153,1.0832365772094394,29.43000030517578,transition,n/a,transition
2020-07-08,0.6479437368048515,0.4519417588314472,1.7879349201278083,28.079999923706055,transition,n/a,transition
2020-07-09,0.6583914760630344,0.4387534763832586,1.8742479281748379,29.260000228881836,transition,n/a,transition
2020-07-10,0.6394771982867763,0.46348092819195486,1.9927819576784165,27.290000915527344,transition,n/a,transition
2020-07-13,0.6924946096604537,0.4660902891964034,1.7452580419471917,32.189998626708984,transition,n/a,transition
2020-07-14,0.6832500300344007,0.5337447052049924,1.5387533728001568,29.520000457763672,equity_coupled,fear_driven,equity_coupled
2020-07-15,0.5222710162870505,0.6801880097776305,1.1050363127858027,27.760000228881836,equity_coupled,event_spike,equity_coupled
2020-07-16,0.5587622573838787,0.6745406446802582,1.174163632282076,28.0,equity_coupled,event_spike,equity_coupled
2020-07-17,0.5538699984558222,0.6946451600958659,0.6938379250513582,25.68000030517578,equity_coupled,event_spike,equity_coupled
2020-07-20,0.5398676885490313,0.7628508488234649,0.38499959884988233,24.459999084472656,equity_coupled,event_spike,equity_coupled
2020-07-21,0.5434834635745838,0.7456624974911186,1.282778651026023,24.84000015258789,equity_coupled,event_spike,equity_coupled
2020-07-22,0.5417814994695824,0.7508912322761062,2.031700486258652,24.31999969482422,equity_coupled,neutral_coupled,equity_coupled
2020-07-23,0.48785567286141046,0.7410036815737793,1.4735521617215392,26.079999923706055,equity_coupled,neutral_coupled,equity_coupled
2020-07-24,0.3496314703822806,0.5690664740421163,1.5131387985650024,25.84000015258789,equity_coupled,neutral_coupled,equity_coupled
2020-07-27,0.2613069051107502,0.40571470741357585,4.969538614217911,24.739999771118164,transition,n/a,transition
2020-07-28,0.27509328832663626,0.4121641178646678,4.811686545088582,25.440000534057617,transition,n/a,transition
2020-07-29,0.24363221522155043,0.42765737230183515,4.25054765281183,24.100000381469727,transition,n/a,transition
2020-07-30,0.29241235659158005,0.4241359693639383,4.295768262917236,24.760000228881836,transition,n/a,transition
2020-07-31,0.2718614979771753,0.43121750566048733,4.179471306218914,24.459999084472656,transition,n/a,transition
2020-08-03,0.3497584362138816,0.42538801171966567,4.904452033586829,24.280000686645508,transition,n/a,transition
2020-08-04,0.40241550652188973,0.4174583419526323,5.6340207112712815,23.760000228881836,transition,n/a,transition
2020-08-05,0.40303424229660084,0.42188591005021553,2.76849256949435,22.989999771118164,transition,n/a,transition
2020-08-06,0.3805320043795426,0.323429454232319,3.473004931195856,22.649999618530273,crypto_native,n/a,transition
2020-08-07,0.44099667909177753,0.34727209163232087,4.81580239715198,22.209999084472656,crypto_native,n/a,transition
2020-08-10,0.4435380839674187,0.3198293150104965,7.602694165560174,22.1299991607666,crypto_native,n/a,transition
2020-08-11,0.5343678622468657,0.3980738772467657,5.244594451238194,24.030000686645508,transition,n/a,transition
2020-08-12,0.5500220015482861,0.4470047087578326,4.1309466980775,22.280000686645508,transition,n/a,transition
2020-08-13,0.518536049888054,0.4344799532056048,3.9625413274881587,22.1299991607666,transition,n/a,transition
2020-08-14,0.638892979668351,0.44862558141883335,3.0622430455453085,22.049999237060547,transition,n/a,transition
2020-08-17,0.587741221352128,0.4136441549073679,3.640805915628775,21.350000381469727,transition,n/a,transition
2020-08-18,0.5686951855999195,0.37836090109354464,3.78249091920208,21.510000228881836,transition,n/a,transition
2020-08-19,0.6280377371955265,0.39231004262624797,3.62727923892936,22.540000915527344,transition,n/a,transition
2020-08-20,0.6130519779741211,0.3711783824705559,3.311178682707633,22.719999313354492,transition,n/a,transition
2020-08-21,0.5470060163865101,0.3743454643688812,7.071733884325222,22.540000915527344,transition,n/a,transition
2020-08-24,0.5448495181948462,0.3676115002452187,4.711004136519884,22.3700008392334,transition,n/a,transition
2020-08-25,0.4615554492356709,0.3751022070359622,5.694447694998593,22.030000686645508,transition,n/a,transition
2020-08-26,0.48312912742817504,0.39656630179121877,3.922775801071919,23.270000457763672,transition,n/a,transition
2020-08-27,0.47774632239836473,0.38845210599207436,3.7838257013563243,24.469999313354492,transition,n/a,transition
2020-08-28,0.5192509046658432,0.3951100301522724,6.078841430155484,22.959999084472656,transition,n/a,transition
2020-08-31,0.34407921968261285,0.4162885365816996,4.471505222508857,26.40999984741211,transition,n/a,transition
2020-09-01,0.33865989438083016,0.43265621962975315,4.580100105479248,26.1200008392334,transition,n/a,transition
2020-09-02,-0.013411073217329103,0.2573430802259928,4.784349376185834,26.56999969482422,crypto_native,n/a,transition
2020-09-03,0.6903170245635779,0.5998919865794186,2.7725441412494343,33.599998474121094,crypto_native_bypass,n/a,equity_coupled
2020-09-04,0.6074918450340793,0.5595582479228665,2.9348718033888583,30.75,crypto_native_bypass,n/a,equity_coupled
2020-09-08,0.5606653290042215,0.5809231923740189,2.556780369883229,31.459999084472656,crypto_native_bypass,n/a,equity_coupled
2020-09-09,0.5747966922352947,0.5779361341152729,2.2654319624169887,28.809999465942383,equity_coupled,fear_driven,equity_coupled
2020-09-10,0.4887110471575697,0.5144303284273629,2.2576856914187267,29.709999084472656,equity_coupled,event_spike,equity_coupled
2020-09-11,0.5026105064178592,0.5168728821475045,2.217207888366174,26.8700008392334,equity_coupled,neutral_coupled,equity_coupled
2020-09-14,0.5261000542951375,0.5297463982170739,2.3422433898817485,25.850000381469727,equity_coupled,neutral_coupled,equity_coupled
2020-09-15,0.5645262471609129,0.5269036186997791,1.068691326846473,25.59000015258789,equity_coupled,neutral_coupled,equity_coupled
2020-09-16,0.5434384526592511,0.5131598743037025,1.0197362227129936,26.040000915527344,equity_coupled,neutral_coupled,equity_coupled
2020-09-17,0.5500677228703896,0.5061290367697803,0.8909741880815393,26.459999084472656,equity_coupled,neutral_coupled,equity_coupled
2020-09-18,0.529561833137235,0.49464324268012977,1.1971165111164617,25.829999923706055,transition,n/a,transition
2020-09-21,0.5393009902479287,0.5174569020539883,2.6482511492708074,27.780000686645508,equity_coupled,neutral_coupled,equity_coupled
2020-09-22,0.5236494554479225,0.5192832508511831,2.3373844003106012,26.860000610351562,equity_coupled,neutral_coupled,equity_coupled
2020-09-23,0.7160599555235971,0.5264930403105016,1.9434240025960776,28.579999923706055,equity_coupled,fear_driven,equity_coupled
2020-09-24,0.5866441058976685,0.5086326176550823,2.723305763134765,28.510000228881836,equity_coupled,fear_driven,equity_coupled
2020-09-25,0.5414972780660976,0.4945921103051467,2.0912053460815567,26.3799991607666,transition,n/a,transition
2020-09-28,0.39912038687679097,0.47804457615853396,1.880449491905522,26.190000534057617,transition,n/a,transition
2020-09-29,0.38839285312072824,0.47031142622651634,1.997525144472276,26.270000457763672,transition,n/a,transition
2020-09-30,0.4292929595767579,0.4730604850474879,1.6868790171985306,26.3700008392334,transition,n/a,transition
2020-10-01,0.395564777549723,0.462344281382276,1.78588370872074,26.700000762939453,transition,n/a,transition
2020-10-02,0.32156614457251376,0.4569400631028742,2.242628330270513,27.6299991607666,transition,n/a,transition
2020-10-05,0.3432797225172774,0.4749258184896742,0.9483960402058684,27.959999084472656,transition,n/a,transition
2020-10-06,0.4133070452565944,0.47654962276987184,0.9476962326007586,29.479999542236328,transition,n/a,transition
2020-10-07,0.4356670983420519,0.4978934043403439,0.9656286226108299,28.059999465942383,transition,n/a,transition
2020-10-08,0.47100880571664233,0.5008045047265022,1.1899768816262668,26.360000610351562,equity_coupled,neutral_coupled,equity_coupled
2020-10-09,0.38932074935545663,0.5099651792323997,1.2381525658069596,25.0,equity_coupled,neutral_coupled,equity_coupled
2020-10-12,0.4101161519473033,0.5127198981917266,1.0381038907527727,25.06999969482422,equity_coupled,neutral_coupled,equity_coupled
2020-10-13,0.2401711437263204,0.5151386630488024,1.1840359209659714,26.06999969482422,equity_coupled,neutral_coupled,equity_coupled
2020-10-14,0.40737835771655356,0.5056598640143757,1.1900554884924062,26.399999618530273,equity_coupled,neutral_coupled,equity_coupled
2020-10-15,0.459419136519958,0.6027559750186451,1.1017648465048213,26.969999313354492,equity_coupled,neutral_coupled,equity_coupled
2020-10-16,0.5440863023050351,0.4383503118568261,1.6351677204134991,27.40999984741211,transition,n/a,transition
2020-10-19,0.3136577330887395,0.4133767753040138,1.2929964583637057,29.18000030517578,transition,n/a,transition
2020-10-20,0.35422360475015113,0.3533695515497087,1.3699282205660017,29.350000381469727,transition,n/a,transition
2020-10-21,0.17601488274840532,0.2605088061928874,4.442308958066428,28.649999618530273,crypto_native,n/a,transition
2020-10-22,0.13436179601648038,0.2908459926325004,3.7580041309812264,28.110000610351562,crypto_native,n/a,transition
2020-10-23,0.130885540057833,0.287174413425814,3.789750330609788,27.549999237060547,crypto_native,n/a,transition
2020-10-26,0.03389841025685117,0.2427147688557221,2.8213047346360423,32.459999084472656,crypto_native,n/a,transition
2020-10-27,0.04116207713019857,0.2118248864423971,2.6615603381332718,33.349998474121094,crypto_native,n/a,transition
2020-10-28,0.32284290616675565,0.3150138971664496,2.15624762645414,40.279998779296875,crypto_native,n/a,transition
2020-10-29,0.3153276282345242,0.3173170285698201,2.0153420259645713,37.59000015258789,crypto_native,n/a,transition
2020-10-30,0.32322818348308957,0.3063990598110708,1.2931092532639996,38.02000045776367,crypto_native,n/a,transition
2020-11-02,0.19912128332163526,0.23229531871143844,1.282934172420287,37.130001068115234,crypto_native,n/a,transition
2020-11-03,0.2539286044521065,0.26757298884501773,1.241893730984907,35.54999923706055,crypto_native,n/a,transition
2020-11-04,0.23679528948203082,0.19055347791679897,1.18675995555717,29.56999969482422,crypto_native,n/a,crypto_native
2020-11-05,0.3968205862810451,0.29677066986606154,1.8929952954163276,27.579999923706055,crypto_native,n/a,transition
2020-11-06,0.420636455272054,0.3272029857446655,2.9753848941015497,24.860000610351562,crypto_native_bypass,n/a,transition
2020-11-09,0.3693152432930253,0.33302241118958137,3.1208998373065926,25.75,crypto_native_bypass,n/a,transition
2020-11-10,0.4672168008361427,0.3391926715177543,4.194242367798569,24.799999237060547,crypto_native_bypass,n/a,transition
2020-11-11,0.47420223817458373,0.35793683619150635,3.9058416454026457,23.450000762939453,crypto_native_bypass,n/a,transition
2020-11-12,0.4244128813554812,0.3345491357649988,3.1729847040751396,25.350000381469727,crypto_native_bypass,n/a,transition
2020-11-13,0.38367505161426546,0.30626830772441477,3.6889834752403727,23.100000381469727,crypto_native_bypass,n/a,transition
2020-11-16,0.449007935523049,0.3353576515477411,2.5028277398051837,22.450000762939453,crypto_native,n/a,transition
2020-11-17,0.11834514441368169,0.25869317040657563,2.7077287380070922,22.709999084472656,crypto_native,n/a,transition
2020-11-18,0.166200023092306,0.2846426633534967,2.164236427038697,23.84000015258789,crypto_native,n/a,transition
2020-11-19,0.13635722553759494,0.27593800151502135,2.095019871526985,23.110000610351562,crypto_native,n/a,transition
2020-11-20,0.1270701817153273,0.250408557759563,2.210337941175529,23.700000762939453,crypto_native,n/a,transition
2020-11-23,0.10877321638445807,0.2482801512283215,2.5660478034908216,22.65999984741211,crypto_native,n/a,transition
2020-11-24,0.21207937846165104,0.2601388172919486,2.3265468463555874,21.639999389648438,crypto_native,n/a,transition
2020-11-25,-0.08086524642705636,0.25276731053197754,3.000619239471798,21.25,crypto_native,n/a,transition
2020-11-27,-0.0970249115238839,0.24676989902661609,2.602757824309923,20.84000015258789,crypto_native,n/a,transition
2020-11-30,-0.11919295999774739,0.19845223029227144,4.503082654058312,20.56999969482422,crypto_native,n/a,crypto_native
2020-12-01,-0.27527200615216013,0.1459351144999135,4.966112059123652,20.770000457763672,crypto_native_bypass,n/a,crypto_native
2020-12-02,-0.2908209334829399,0.14649917567134033,5.494742650637407,21.170000076293945,crypto_native_bypass,n/a,crypto_native
2020-12-03,-0.2482339379922172,0.17947081107339524,5.302820758725655,21.280000686645508,crypto_native_bypass,n/a,crypto_native
2020-12-04,-0.2930234469407334,0.1395783191937542,7.282647796295132,20.790000915527344,crypto_native_bypass,n/a,crypto_native
2020-12-07,-0.39529657785210176,0.14847298021422994,7.095158558633291,21.299999237060547,crypto_native_bypass,n/a,crypto_native
2020-12-08,-0.3278873527348234,0.12906373044492953,7.811205357721,20.68000030517578,crypto_native_bypass,n/a,crypto_native
2020-12-09,-0.35503336549389136,0.1448756702336922,4.518903753757509,22.270000457763672,crypto_native,n/a,crypto_native
2020-12-10,-0.3295072545829386,0.024710090713937642,5.154858997770391,22.520000457763672,crypto_native,n/a,crypto_native
2020-12-11,-0.22049481787722172,0.03548677363833254,4.491271617467476,23.309999465942383,crypto_native,n/a,crypto_native
2020-12-14,-0.23201177763171102,0.03699010482829228,4.0545677033996075,24.719999313354492,crypto_native,n/a,crypto_native
2020-12-15,-0.4643151006370881,0.059776698489788296,3.047497686186572,22.889999389648438,crypto_native,n/a,crypto_native
2020-12-16,-0.3707172750157801,0.015571332976547825,6.536802081774972,22.5,crypto_native_bypass,n/a,crypto_native
2020-12-17,-0.2603175421794877,0.03713471579727933,6.008606706860132,21.93000030517578,crypto_native_bypass,n/a,crypto_native
2020-12-18,-0.16423297612107235,-0.15549484819895865,6.775028179483889,21.56999969482422,crypto_native_bypass,n/a,crypto_native
2020-12-21,0.05749717160957497,-0.12261711880156963,6.859241318988329,25.15999984741211,crypto_native_bypass,n/a,crypto_native
2020-12-22,0.017384482973004645,-0.10942556721878108,6.480241484942353,24.229999542236328,crypto_native_bypass,n/a,crypto_native
2020-12-23,0.015794405371812488,-0.11109772682908653,7.595919599515704,23.309999465942383,crypto_native_bypass,n/a,crypto_native
2020-12-24,0.19204576899613823,-0.12230460083106987,12.26979269045951,21.530000686645508,crypto_native_bypass,n/a,crypto_native
2020-12-28,0.21908690432581024,-0.06841725882418967,7.108113309570421,21.700000762939453,crypto_native,n/a,crypto_native
2020-12-29,0.29966363505852034,-0.053229911149259235,5.799615715465823,23.079999923706055,crypto_native,n/a,crypto_native
2020-12-30,0.30915231515104014,-0.10972403898814428,7.302794288613714,22.770000457763672,crypto_native,n/a,crypto_native
2020-12-31,0.23899897383657784,-0.07771976011266797,6.112342197187832,22.75,crypto_native,n/a,crypto_native
2021-01-04,0.3831719401783911,0.010664709121601397,3.6342257144446672,26.969999313354492,crypto_native,n/a,crypto_native
2021-01-05,0.4119145622453492,0.056547396068817174,3.6304036567915308,25.34000015258789,crypto_native,n/a,crypto_native
2021-01-06,0.5654219796915361,0.13265176434469414,4.442480566427541,25.06999969482422,crypto_native,n/a,crypto_native
2021-01-07,0.668806129205549,0.2162006943697609,4.183295593369123,22.3700008392334,crypto_native,n/a,transition
2021-01-08,0.6659746424256936,0.19519551061792395,4.099827377867792,21.559999465942383,crypto_native,n/a,crypto_native
2021-01-11,0.6962713840787453,0.25671698711837887,5.694410560175015,24.079999923706055,crypto_native_bypass,n/a,transition
2021-01-12,0.6442185831167635,0.25815331439673433,6.353765534088305,23.329999923706055,crypto_native_bypass,n/a,transition
2021-01-13,0.6200184326133884,0.3114942211916905,10.101143623972488,22.209999084472656,crypto_native_bypass,n/a,transition
2021-01-14,0.5718534612059799,0.37447717196278263,9.324669582378494,23.25,crypto_native_bypass,n/a,transition
2021-01-15,0.6287687916236582,0.41964523098876416,8.920716742328601,24.34000015258789,crypto_native_bypass,n/a,transition
2021-01-19,0.5650853736167182,0.3864881173498067,10.846618804418448,23.239999771118164,crypto_native_bypass,n/a,transition
2021-01-20,0.4517793458462947,0.38305980896267633,7.944093088362082,21.579999923706055,crypto_native_bypass,n/a,transition
2021-01-21,0.4133936357524555,0.3360577249630729,10.882212969123868,21.31999969482422,crypto_native_bypass,n/a,transition
2021-01-22,0.3546082739453754,0.3172876285071029,11.246165327610404,21.90999984741211,crypto_native_bypass,n/a,transition
2021-01-25,0.3479891752951637,0.32625105410088134,9.569698386710751,23.190000534057617,crypto_native_bypass,n/a,transition
2021-01-26,0.3158752608681911,0.321392579840509,9.193927875593053,23.020000457763672,crypto_native_bypass,n/a,transition
2021-01-27,0.3794157976803176,0.4058762275021947,5.244227261132463,37.209999084472656,crypto_native_bypass,n/a,transition
2021-01-28,0.37245758384781574,0.4358679908447336,6.247772129105681,30.209999084472656,crypto_native_bypass,n/a,transition
2021-01-29,0.24926972235617437,0.39856819866928994,6.308635387394367,33.09000015258789,crypto_native_bypass,n/a,transition
2021-02-01,0.22764584641261162,0.385777819354955,3.448536899587047,30.239999771118164,crypto_native_bypass,n/a,transition
2021-02-02,0.28719102256197265,0.3983966260576005,3.0839825321941885,25.559999465942383,crypto_native_bypass,n/a,transition
2021-02-03,0.28907886827128193,0.3967948836589338,3.1584545600006013,22.90999984741211,crypto_native_bypass,n/a,transition
2021-02-04,0.2933541157098749,0.3637044238540957,3.1629621028960253,21.770000457763672,crypto_native_bypass,n/a,transition
2021-02-05,0.25397804120060957,0.3753130622083198,2.931756537853781,20.8700008392334,transition,n/a,transition
2021-02-08,0.2913856850202146,0.37921165991511235,5.007483342456323,21.239999771118164,crypto_native_bypass,n/a,transition
2021-02-09,0.34763284495072516,0.3804540088480064,9.487357281083943,21.6299991607666,crypto_native_bypass,n/a,transition
2021-02-10,0.4278161385951048,0.38005189239873177,11.743353855067113,21.989999771118164,crypto_native_bypass,n/a,transition
2021-02-11,0.4515109045998404,0.3761220853948339,15.647081420561074,21.25,crypto_native_bypass,n/a,transition
2021-02-12,0.440114525795692,0.3729072053085783,16.487880522774212,19.969999313354492,crypto_native_bypass,n/a,transition
2021-02-16,0.4363350339300346,0.37594188703165526,21.056329677577065,21.459999084472656,crypto_native_bypass,n/a,transition
2021-02-17,0.15765123482612994,0.34873081861971134,20.98417935627193,21.5,crypto_native_bypass,n/a,transition
2021-02-18,0.1455744648211472,0.34632525658925073,13.20840700975703,22.489999771118164,crypto_native,n/a,transition
2021-02-19,0.10218904909419718,0.3187051777107258,15.295578857946934,22.049999237060547,crypto_native,n/a,transition
2021-02-22,0.3824465962791658,0.318698542740183,12.307967747263936,23.450000762939453,crypto_native,n/a,transition
2021-02-23,0.31465442332361065,0.2923113231455655,16.07793505866135,23.110000610351562,crypto_native_bypass,n/a,transition
2021-02-24,0.2785973804531472,0.26501152192404015,10.878822739306964,21.34000015258789,crypto_native_bypass,n/a,transition
2021-02-25,0.4457266739548834,0.3198831927669393,6.051866210624841,28.889999389648438,crypto_native_bypass,n/a,transition
2021-02-26,0.4469282927950934,0.3248380565382814,5.446371702819285,27.950000762939453,crypto_native_bypass,n/a,transition
2021-03-01,0.5302663782347096,0.3980774085143201,4.877740246152527,23.350000381469727,crypto_native_bypass,n/a,transition
2021-03-02,0.5424452531299684,0.3907179870623284,4.140773251645736,24.100000381469727,crypto_native_bypass,n/a,transition
2021-03-03,0.4669494528465526,0.37134354511444523,4.105104408192542,26.670000076293945,crypto_native_bypass,n/a,transition
2021-03-04,0.4916262531609211,0.4199885143822028,3.206057170070475,28.56999969482422,transition,n/a,transition
2021-03-05,0.4641561240381952,0.44704931719005925,2.9218377184818403,24.65999984741211,transition,n/a,transition
2021-03-08,0.4539516158262178,0.4592623301877027,3.032850532068189,25.469999313354492,transition,n/a,transition
2021-03-09,0.5047017329577317,0.47250058301802544,2.8860313878297648,24.030000686645508,transition,n/a,transition
2021-03-10,0.5093364262235941,0.4715703544876819,2.4950569773891553,22.559999465942383,transition,n/a,transition
2021-03-11,0.5836361353517745,0.4077613330820138,2.2274909820158677,21.90999984741211,transition,n/a,transition
2021-03-12,0.5655381239914102,0.38809626033641476,2.5216005806389323,20.690000534057617,transition,n/a,transition
2021-03-15,0.6047205304903025,0.39251623023925575,4.245211815799368,20.030000686645508,transition,n/a,transition
2021-03-16,0.5974471763345284,0.40514167598964607,5.114960223045204,19.790000915527344,transition,n/a,transition
2021-03-17,0.4878117767744099,0.38634178944417574,6.680264148577116,19.229999542236328,transition,n/a,transition
2021-03-18,0.503520744447234,0.4010651193677436,4.099680830260148,21.579999923706055,transition,n/a,transition
2021-03-19,0.28868010671733824,0.4268839186669786,4.113828585101526,20.950000762939453,transition,n/a,transition
2021-03-22,0.13390033759127504,0.38483679132355103,4.789275967930806,18.8799991607666,transition,n/a,transition
2021-03-23,0.28828319256803575,0.3766431257998858,4.529871716843988,20.299999237060547,transition,n/a,transition
2021-03-24,0.2232585920396154,0.385986404099974,4.332979855363822,21.200000762939453,transition,n/a,transition
2021-03-25,0.19895790259919216,0.37723706354644726,3.814050541321067,19.809999465942383,transition,n/a,transition
2021-03-26,0.42036275236536197,0.4276888166647687,3.646173446987629,18.860000610351562,transition,n/a,transition
2021-03-29,0.2955105652472795,0.4271186824435391,4.89833102909463,20.739999771118164,transition,n/a,transition
2021-03-30,0.2473713552197918,0.42448007942457366,4.865395993382625,19.610000610351562,transition,n/a,transition
2021-03-31,0.18044465208015562,0.4371306781321852,4.093378737268253,19.399999618530273,transition,n/a,transition
2021-04-01,0.1788460362374866,0.4285160007045293,4.199822310545485,17.329999923706055,transition,n/a,transition
2021-04-05,0.28750189558049444,0.46443973149582657,3.589396401315587,17.90999984741211,transition,n/a,transition
2021-04-06,0.31456293317632866,0.4457306830579884,3.2021465145544585,18.1200008392334,transition,n/a,transition
2021-04-07,0.30881810580647545,0.4968832624852575,3.3471197153917807,17.15999984741211,transition,n/a,transition
2021-04-08,0.27978989647154445,0.49217475417746465,3.8147771943277524,16.950000762939453,transition,n/a,transition
2021-04-09,0.2883561734991945,0.41334317379763436,4.203339344250188,16.690000534057617,transition,n/a,transition
2021-04-12,0.4085377727937996,0.4056025968385404,3.89862551246546,16.90999984741211,transition,n/a,transition
2021-04-13,0.386959419358698,0.25515499034771955,6.152436391158645,16.649999618530273,crypto_native,n/a,transition
2021-04-14,0.29875824154418595,0.23209874251110932,8.571515294991848,16.989999771118164,crypto_native,n/a,transition
2021-04-15,0.28990538323511633,0.32974313586810106,6.383971178312041,16.56999969482422,crypto_native,n/a,transition
2021-04-16,0.01857566277459635,0.2508219899107197,6.042897689365737,16.25,crypto_native,n/a,transition
2021-04-19,0.13739420850204798,0.27382789943123104,4.5098960469055305,17.290000915527344,crypto_native,n/a,transition
2021-04-20,0.1312449665081573,0.27871577265770997,4.3242276761352025,18.68000030517578,crypto_native,n/a,transition
2021-04-21,-0.0032905135960059864,0.14856300917317763,4.659959272945903,17.5,crypto_native,n/a,crypto_native
2021-04-22,0.1428518362754937,0.1966185972944606,2.772711235386988,18.709999084472656,crypto_native,n/a,crypto_native
2021-04-23,0.0729887875193359,0.14166420135980834,2.499692679114056,17.329999923706055,crypto_native,n/a,crypto_native
2021-04-26,0.040699195164856344,0.11793516608441552,6.174626016738583,17.639999389648438,crypto_native,n/a,crypto_native
2021-04-27,0.027192081870212232,0.15806249120164095,6.1754752840961045,17.559999465942383,crypto_native,n/a,crypto_native
2021-04-28,0.0060821424907512535,0.16720082341816336,6.429916787800406,17.280000686645508,crypto_native,n/a,crypto_native
2021-04-29,-0.029273243501673724,0.14576796740572062,7.02891233626441,17.610000610351562,crypto_native,n/a,crypto_native
2021-04-30,-0.18372784841339462,0.005075744270486656,7.282656225899558,18.610000610351562,crypto_native,n/a,crypto_native
2021-05-03,-0.22902335116840306,0.007503247049986661,7.958738207775484,18.309999465942383,crypto_native,n/a,crypto_native
2021-05-04,-0.07986078392712208,0.12982390129495644,11.340991063115254,19.479999542236328,crypto_native,n/a,crypto_native
2021-05-05,-0.07838514875186313,0.11478336062343017,10.439313946892979,19.149999618530273,crypto_native,n/a,crypto_native
2021-05-06,-0.09119102578950071,0.05549126210006826,8.817968543188,18.389999389648438,crypto_native,n/a,crypto_native
2021-05-07,-0.0934277441469758,0.07151119173215592,8.160800754442922,16.690000534057617,crypto_native,n/a,crypto_native
2021-05-10,0.043601899628844955,0.03990433427743883,7.411794630642689,19.65999984741211,crypto_native,n/a,crypto_native
2021-05-11,0.12754464471368723,0.03201011420058483,6.0767067354353115,21.84000015258789,crypto_native,n/a,crypto_native
2021-05-12,0.4552535514774098,0.3365976015253144,6.570855239311161,27.59000015258789,crypto_native,n/a,transition
2021-05-13,0.49135268506984786,0.33930129525690106,5.532123209236149,23.1299991607666,crypto_native,n/a,transition
2021-05-14,0.4737388139489315,0.33488956642939993,4.151219503917406,18.809999465942383,crypto_native,n/a,transition
2021-05-17,0.475350539578062,0.3486507375612717,4.446192836171877,19.719999313354492,crypto_native,n/a,transition
2021-05-18,0.4677776454382665,0.3482580597707254,4.3475831265678195,21.34000015258789,crypto_native,n/a,transition
2021-05-19,0.43439455166889984,0.3443806843170205,5.655156218836074,22.18000030517578,crypto_native,n/a,transition
2021-05-20,0.610021382619017,0.38395027307742513,6.731978115875885,20.670000076293945,crypto_native_bypass,n/a,transition
2021-05-21,0.5880325512517226,0.3791240900183586,8.780414941230775,20.149999618530273,crypto_native_bypass,n/a,transition
2021-05-24,0.6119465920312211,0.41917597351841684,10.833749856417873,18.399999618530273,crypto_native_bypass,n/a,transition
2021-05-25,0.639234523635015,0.4154938544884458,13.341381155404836,18.84000015258789,crypto_native_bypass,n/a,transition
2021-05-26,0.6526843243117528,0.4186663615521032,13.34191605342783,17.360000610351562,crypto_native_bypass,n/a,transition
2021-05-27,0.6441407633205574,0.4220286610736607,16.84129651010148,16.739999771118164,crypto_native_bypass,n/a,transition
2021-05-28,0.6335342757154813,0.41779971047058645,15.15740857308663,16.760000228881836,crypto_native_bypass,n/a,transition
2021-06-01,0.7008476685630624,0.4214221299866832,16.51119778059184,17.899999618530273,transition,n/a,transition
2021-06-02,0.5886363904220756,0.4394147026371197,14.663414131694465,17.479999542236328,transition,n/a,transition
2021-06-03,0.5236310726681548,0.45537136383011434,18.91917668609983,18.040000915527344,transition,n/a,transition
2021-06-04,0.47802880533541653,0.4004199877549292,11.853770562344291,16.420000076293945,transition,n/a,transition
2021-06-07,0.46631775259098823,0.41629276494850753,11.879070107963138,16.420000076293945,transition,n/a,transition
2021-06-08,0.5370033942369123,0.4264996431010113,12.044598801465735,17.06999969482422,transition,n/a,transition
2021-06-09,0.30797240255412034,0.38523209640224704,15.448255208246291,17.889999389648438,transition,n/a,transition
2021-06-10,0.09595298820156763,0.3811345366818718,14.543251730528953,16.100000381469727,transition,n/a,transition
2021-06-11,0.03814907301065751,0.39430093483950635,14.440943887845965,15.649999618530273,transition,n/a,transition
2021-06-14,-0.4077841542274383,0.46118835904988326,16.498214461762885,16.389999389648438,transition,n/a,transition
2021-06-15,-0.42889335761947983,0.4556243126560719,22.238104463471707,17.020000457763672,transition,n/a,transition
2021-06-16,-0.24725492807858968,0.44822407124658437,15.19700057192045,18.149999618530273,transition,n/a,transition
2021-06-17,-0.2419327231226919,0.4607813665343486,15.286020915128933,17.75,transition,n/a,transition
2021-06-18,0.081982304620423,0.49150395067301456,5.6625766426392286,20.700000762939453,transition,n/a,transition
2021-06-21,-0.27631524695296067,0.33815440356400933,6.417828972054897,17.889999389648438,crypto_native,n/a,transition
2021-06-22,-0.2420681390093655,0.34085967202985323,6.391637859308353,16.65999984741211,crypto_native,n/a,transition
2021-06-23,-0.21594456943501875,0.3600806022050468,6.595119040562503,16.31999969482422,transition,n/a,transition
2021-06-24,-0.09339414149604897,0.2098233071765946,6.691343436013422,15.970000267028809,crypto_native,n/a,transition
2021-06-25,-0.1553957574898096,0.1795834076843148,7.622884864707347,15.619999885559082,crypto_native,n/a,crypto_native
2021-06-28,-0.15407902971299692,0.17684425401006787,7.69217759063889,15.760000228881836,crypto_native,n/a,crypto_native
2021-06-29,-0.10329728453024926,0.15561570402825706,13.391372298439396,16.020000457763672,crypto_native,n/a,crypto_native
2021-06-30,-0.10096792751379835,0.15902848420096144,18.857413058940523,15.829999923706055,crypto_native,n/a,crypto_native
2021-07-01,-0.13504955915561556,0.08651447619444637,19.204256762689404,15.479999542236328,crypto_native,n/a,crypto_native
2021-07-02,-0.09665940706963361,-0.012112769923672934,17.409023694316335,15.069999694824219,crypto_native,n/a,crypto_native
2021-07-06,-0.10452294884628148,-0.047250687713975406,13.7895246342985,16.440000534057617,crypto_native,n/a,crypto_native
2021-07-07,-0.17940388239283495,-0.2039499924247579,8.64668594967676,16.200000762939453,crypto_native,n/a,crypto_native
2021-07-08,-0.12343257294008754,-0.16340318700747278,5.512112689708199,19.0,crypto_native,n/a,crypto_native
2021-07-09,-0.2634982050795781,-0.1055915943134695,3.966743918902938,16.18000030517578,crypto_native,n/a,crypto_native
2021-07-12,0.12652123458794173,-0.11148087073087971,4.14423953203252,16.170000076293945,crypto_native,n/a,crypto_native
2021-07-13,0.10873709905428541,-0.11580038848604197,3.3461233686863463,17.1200008392334,crypto_native,n/a,crypto_native
2021-07-14,0.17758538233766596,-0.11857231524358504,3.53085342417952,16.329999923706055,crypto_native,n/a,crypto_native
2021-07-15,0.16052724774355218,-0.10392941390872652,3.4593741687841666,17.010000228881836,crypto_native,n/a,crypto_native
2021-07-16,0.3025191633076332,-0.06835786506620047,3.202817000508595,18.450000762939453,crypto_native,n/a,crypto_native
2021-07-19,0.38492174733571405,0.030095776945315008,2.597526357096231,22.5,crypto_native,n/a,crypto_native
2021-07-20,0.243102825153893,-0.020410836852644346,1.5012526281006195,19.729999542236328,crypto_native,n/a,crypto_native
2021-07-21,0.34329732294091,0.046598417581054555,3.7325523134918477,17.90999984741211,crypto_native,n/a,crypto_native
2021-07-22,0.41632074188353607,0.09700492235087207,3.751921612508089,17.690000534057617,crypto_native,n/a,crypto_native
2021-07-23,0.4664020841349796,0.1454971291304748,3.800895279106157,17.200000762939453,crypto_native,n/a,crypto_native
2021-07-26,0.45550594568102415,0.14649912520133315,3.9753138984410326,17.579999923706055,crypto_native,n/a,crypto_native
2021-07-27,0.3589800041815298,0.09972564429184728,4.184538216513459,19.360000610351562,crypto_native,n/a,crypto_native
2021-07-28,0.2989480255188132,0.1003156728050299,5.417086431025943,18.309999465942383,crypto_native,n/a,crypto_native
2021-07-29,0.257612559327395,0.06890812972800127,5.627770925315008,17.700000762939453,crypto_native,n/a,crypto_native
2021-07-30,0.21463716387298112,0.02246565104044333,4.517964353788957,18.239999771118164,crypto_native,n/a,crypto_native
2021-08-02,0.20528919701042084,-0.07470654060894354,5.5063761716299995,19.459999084472656,crypto_native,n/a,crypto_native
2021-08-03,0.11958813951006238,0.09919150473206861,7.311682680874964,18.040000915527344,crypto_native,n/a,crypto_native
2021-08-04,0.03845541524097997,0.0519570847277455,6.595764521453822,17.969999313354492,crypto_native,n/a,crypto_native
2021-08-05,-0.011084162256653799,0.0802916946936981,5.719398408740773,17.280000686645508,crypto_native,n/a,crypto_native
2021-08-06,-0.374610604432612,0.06617266878782613,6.222131676371768,16.149999618530273,crypto_native,n/a,crypto_native
2021-08-09,-0.17031897668718352,0.08706917593486434,6.765756496698128,16.719999313354492,crypto_native,n/a,crypto_native
2021-08-10,-0.3427385794113331,0.08977654111888905,7.960455691777996,16.790000915527344,crypto_native,n/a,crypto_native
2021-08-11,-0.3329906221435905,0.09559567954097696,7.773788877389661,16.170000076293945,crypto_native,n/a,crypto_native
2021-08-12,-0.5331637221608757,0.08063244666835047,9.540148734315988,15.59000015258789,crypto_native,n/a,crypto_native
2021-08-13,-0.5135030352763813,0.11547609460966209,16.834254882770338,15.449999809265137,crypto_native,n/a,crypto_native
2021-08-16,-0.46504059089611294,0.10806158058104917,26.904830099624746,16.1200008392334,crypto_native,n/a,crypto_native
2021-08-17,-0.21851998487899515,0.15041756455931352,11.60824462543634,17.90999984741211,crypto_native,n/a,crypto_native
2021-08-18,-0.1256839838806399,0.16121956868641468,6.3396943640365375,21.56999969482422,crypto_native,n/a,crypto_native
2021-08-19,-0.018600420181954087,0.11896081721216852,6.83508910808798,21.670000076293945,crypto_native,n/a,crypto_native
2021-08-20,0.07451352808784396,0.14149181593039697,6.433262216723795,18.559999465942383,crypto_native,n/a,crypto_native
2021-08-23,0.17053184010075614,0.15163457330725735,5.416380399122788,17.149999618530273,crypto_native,n/a,crypto_native
2021-08-24,0.2181115485105181,0.1273051013384745,4.894573451067501,17.219999313354492,crypto_native,n/a,crypto_native
2021-08-25,0.20087114873968917,0.12997231660056452,4.7872105426654965,16.790000915527344,crypto_native,n/a,crypto_native
2021-08-26,0.29856228658387113,0.15272412220757894,5.310836753494083,18.84000015258789,crypto_native,n/a,crypto_native
2021-08-27,0.42925042823299014,0.1559330442833908,7.3930192953400375,16.389999389648438,crypto_native,n/a,crypto_native
2021-08-30,0.36598598934196114,0.025454503347377685,7.825681043586997,16.190000534057617,crypto_native,n/a,crypto_native
2021-08-31,0.36429238531509384,0.15337796745941276,6.5327225300784955,16.479999542236328,crypto_native,n/a,crypto_native
2021-09-01,0.394377445170437,0.07998577494106074,8.21784950196184,16.110000610351562,crypto_native,n/a,crypto_native
2021-09-02,0.43791337089563603,0.07975577746206969,7.380566205568193,16.40999984741211,crypto_native,n/a,crypto_native
2021-09-03,0.4622558820158692,0.03798906006553038,7.111932468891374,16.40999984741211,crypto_native,n/a,crypto_native
2021-09-07,0.42998127538378883,0.11386838692480501,13.55171596210253,18.139999389648438,crypto_native,n/a,crypto_native
2021-09-08,0.5657757378764513,0.17425580635369445,19.086639471947812,17.959999084472656,crypto_native,n/a,crypto_native
2021-09-09,0.531329443942431,0.1711635321743404,20.41603488494008,18.799999237060547,crypto_native,n/a,crypto_native
2021-09-10,0.4634419896790163,0.21714636529445916,14.340993707377534,20.950000762939453,crypto_native,n/a,transition
2021-09-13,0.45441136881227023,0.27088272019917,11.957735410551,19.3700008392334,crypto_native,n/a,transition
2021-09-14,0.3202209842590203,0.20540786149372398,14.98043618275954,19.459999084472656,crypto_native,n/a,transition
2021-09-15,0.34495055323629303,0.27281441267867496,9.48593955615879,18.18000030517578,crypto_native,n/a,transition
2021-09-16,0.29452056818769395,0.3178663495734411,5.098568120440502,18.690000534057617,crypto_native,n/a,transition
2021-09-17,0.1477645001182496,0.30537449073205214,4.4509440906894895,20.809999465942383,crypto_native,n/a,transition
2021-09-20,0.5093851750034564,0.45211535112024,5.501076497936099,25.709999084472656,transition,n/a,transition
2021-09-21,0.47321195067036104,0.4632667841071996,5.74532691268284,24.360000610351562,transition,n/a,transition
2021-09-22,0.577918029545347,0.5149651418289883,6.059740451090013,20.8700008392334,equity_coupled,event_spike,equity_coupled
2021-09-23,0.5955844556963997,0.5263426197195896,5.153366633796134,18.6299991607666,equity_coupled,event_spike,equity_coupled
2021-09-24,0.5683046433883058,0.5266076700031946,5.458882604134574,17.75,equity_coupled,event_spike,equity_coupled
2021-09-27,0.6367491354807647,0.5431259276590997,5.434970362619084,18.760000228881836,equity_coupled,momentum_driven,equity_coupled
2021-09-28,0.5940398976140429,0.5278556337439582,4.459528620023909,23.25,equity_coupled,neutral_coupled,equity_coupled
2021-09-29,0.6126648721687948,0.5233954860486675,4.177079584072696,22.559999465942383,equity_coupled,neutral_coupled,equity_coupled
2021-09-30,0.4407924995373911,0.44564110263968393,3.780845846843115,23.139999389648438,transition,n/a,transition
2021-10-01,0.5594321303804,0.5030206764421611,4.219575535633236,21.100000381469727,equity_coupled,neutral_coupled,equity_coupled
2021-10-04,0.5498304600494344,0.4328520477399027,4.540545877406321,22.959999084472656,transition,n/a,transition
2021-10-05,0.5772383286053985,0.4661156564173827,3.563048833761599,21.299999237060547,transition,n/a,transition
2021-10-06,0.5917531597237057,0.4909298673973849,3.2572858894068797,21.0,transition,n/a,transition
2021-10-07,0.5160126401732644,0.45116463333033224,4.0057031287803655,19.540000915527344,transition,n/a,transition
2021-10-08,0.37456052383237454,0.4405920960842209,4.0878914985272425,18.770000457763672,transition,n/a,transition
2021-10-11,0.34721927724714524,0.38479307516735983,4.4750051445546655,20.0,transition,n/a,transition
2021-10-12,0.2930018590846384,0.41253010167358367,4.612828653295603,19.850000381469727,transition,n/a,transition
2021-10-13,0.28471830474708487,0.4172423003159585,6.252399590716244,18.639999389648438,transition,n/a,transition
2021-10-14,0.2396827292852341,0.3806226397117088,4.7276786534773585,16.860000610351562,transition,n/a,transition
2021-10-15,0.2760235847142373,0.40516678464608646,4.620876280661949,16.299999237060547,transition,n/a,transition
2021-10-18,0.0609895485716732,0.4052196305582284,4.207847116609384,16.309999465942383,transition,n/a,transition
2021-10-19,0.06488435902872662,0.4356046948562685,4.257577522576408,15.699999809265137,transition,n/a,transition
2021-10-20,0.1691933335715331,0.43824853764916183,5.1402804223368,15.489999771118164,transition,n/a,transition
2021-10-21,0.022192011191883392,0.40515930755246615,7.965296292825576,15.010000228881836,transition,n/a,transition
2021-10-22,0.10274927355702068,0.3880355967940079,7.463776927739795,15.430000305175781,transition,n/a,transition
2021-10-25,0.03777081440966047,0.40195199901054157,14.857693197083957,15.239999771118164,transition,n/a,transition
2021-10-26,0.055190095438579743,0.41824599576813076,15.035845234978218,15.979999542236328,transition,n/a,transition
2021-10-27,0.21207273580028305,0.42473289856086494,9.795259771831027,16.979999542236328,transition,n/a,transition
2021-10-28,0.2648111365669754,0.4352428933242978,8.585062554982432,16.530000686645508,transition,n/a,transition
2021-10-29,0.4653451787458502,0.4304191944254526,8.630321251793243,16.260000228881836,transition,n/a,transition
2021-11-01,0.42847550668161194,0.30921386071030627,7.218885803187309,16.40999984741211,crypto_native,n/a,transition
2021-11-02,0.42452679075123767,0.30633778488410435,7.680266924490911,16.030000686645508,crypto_native,n/a,transition
2021-11-03,0.6321613388339354,0.26366067229446016,6.9562212763461595,15.100000381469727,crypto_native,n/a,transition
2021-11-04,0.550736606785745,0.23640725191242304,6.116547246315762,15.4399995803833,crypto_native,n/a,transition
2021-11-05,0.5487878559771666,0.23918288753221573,8.549775608425286,16.479999542236328,crypto_native,n/a,transition
2021-11-08,0.34283166827822004,0.21131630328350096,16.587274727393453,17.219999313354492,crypto_native,n/a,transition
2021-11-09,0.3306279135433683,0.1323172780920793,9.82589959233899,17.780000686645508,crypto_native,n/a,crypto_native
2021-11-10,0.4768185134304762,0.18567676745950518,6.600578205766721,18.729999542236328,crypto_native,n/a,crypto_native
2021-11-11,0.45950774625639557,0.2916880075314344,6.178775827919382,17.65999984741211,crypto_native,n/a,transition
2021-11-12,0.36889508480753447,0.1853018314349303,6.050963079943573,16.290000915527344,crypto_native,n/a,crypto_native
2021-11-15,0.41354313834522244,0.2574226985567535,6.469885730223271,16.489999771118164,crypto_native,n/a,transition
2021-11-16,0.2374806061276564,0.1865509385355094,7.568337980788745,16.3700008392334,crypto_native,n/a,crypto_native
2021-11-17,0.07210705708745668,0.1737473928389364,4.047133697425494,17.110000610351562,crypto_native,n/a,crypto_native
2021-11-18,0.00044371931482534193,0.19210520448134194,4.8898905398773405,17.59000015258789,crypto_native,n/a,crypto_native
2021-11-19,-0.04488078702282695,0.179553645999347,8.783923946801723,17.90999984741211,crypto_native,n/a,crypto_native
2021-11-22,-0.03653805722727396,0.326371899665444,7.742824928370358,19.170000076293945,crypto_native,n/a,transition
2021-11-23,-0.04412689324195714,0.30419338801907925,12.364414846087662,19.3799991607666,crypto_native,n/a,transition
2021-11-24,-0.02845981551312245,0.30332985776004806,11.869275930530618,18.579999923706055,crypto_native,n/a,transition
2021-11-26,0.32845364441767594,0.4681604331801859,4.075479611046603,28.6200008392334,transition,n/a,transition
2021-11-29,0.42951249601512587,0.436594313103578,3.426460374301378,22.959999084472656,transition,n/a,transition
2021-11-30,0.3491175757458295,0.39200504596051394,2.651330995603002,27.190000534057617,transition,n/a,transition
2021-12-01,0.25682126948144296,0.3278998772878204,2.4285353030270724,31.1200008392334,crypto_native,n/a,transition
2021-12-02,0.2463405661693937,0.2930632170736276,1.9396180604930444,27.950000762939453,crypto_native,n/a,transition
2021-12-03,0.2759508637570689,0.3589032579355813,1.89148977089817,30.670000076293945,transition,n/a,transition
2021-12-06,0.37005924713478433,0.38843503628256837,2.0734205981967344,27.18000030517578,transition,n/a,transition
2021-12-07,0.45491839444035587,0.37189587962424425,1.5740337251483494,21.889999389648438,transition,n/a,transition
2021-12-08,0.4725058274585129,0.3849203927472239,1.5834410337828293,19.899999618530273,transition,n/a,transition
2021-12-09,0.5617591666856635,0.40070991364286973,2.399524585809871,21.579999923706055,transition,n/a,transition
2021-12-10,0.5984508770256108,0.3665884839273839,2.707192928789922,18.690000534057617,transition,n/a,transition
2021-12-13,0.6125940754657649,0.4079516240797709,3.079291956668149,20.309999465942383,transition,n/a,transition
2021-12-14,0.6042933051157301,0.39215883313334565,2.968262406562912,21.889999389648438,transition,n/a,transition
2021-12-15,0.6614292192207143,0.4532859577627419,3.250084845748134,19.290000915527344,transition,n/a,transition
2021-12-16,0.5850242650262012,0.45525987780276433,3.805431042615705,20.56999969482422,transition,n/a,transition
2021-12-17,0.577964401284397,0.47096170509988594,3.626634009382167,21.56999969482422,transition,n/a,transition
2021-12-20,0.5658822302250749,0.4389092439073105,3.2347670725596895,22.8700008392334,transition,n/a,transition
2021-12-21,0.6990329083748192,0.5323133288843263,3.2237262244257088,21.010000228881836,equity_coupled,neutral_coupled,equity_coupled
2021-12-22,0.7264655267359866,0.5346495418203818,2.3374492520298205,18.6299991607666,equity_coupled,momentum_driven,equity_coupled
2021-12-23,0.6818993321666232,0.5298982308775446,2.658227478376484,17.959999084472656,equity_coupled,momentum_driven,equity_coupled
2021-12-27,0.6460976095802553,0.5283515108299734,2.415515587039523,17.68000030517578,equity_coupled,momentum_driven,equity_coupled
2021-12-28,0.6553658298512813,0.5194186206140539,3.297179282097791,17.540000915527344,equity_coupled,momentum_driven,equity_coupled
2021-12-29,0.6513138596898467,0.5187566494092233,3.7595361260456603,16.950000762939453,equity_coupled,momentum_driven,equity_coupled
2021-12-30,0.5892920106724066,0.5304832074824246,4.837877418957926,17.329999923706055,equity_coupled,momentum_driven,equity_coupled
2021-12-31,0.6131127005029423,0.5383128291211349,5.0078886029058705,17.219999313354492,equity_coupled,momentum_driven,equity_coupled
2022-01-03,0.5394033097531458,0.5641607908087146,5.450818718658605,16.600000381469727,equity_coupled,momentum_driven,equity_coupled
2022-01-04,0.5642051454249971,0.5803492764228942,3.9193186508377864,16.90999984741211,equity_coupled,momentum_driven,equity_coupled
2022-01-05,0.5682222391226294,0.6095504022226902,3.2018412838051122,19.729999542236328,equity_coupled,momentum_driven,equity_coupled
2022-01-06,0.5556825679162526,0.6170061949196012,2.496433822920346,19.610000610351562,equity_coupled,momentum_driven,equity_coupled
2022-01-07,0.5429544802348824,0.6219235001128987,2.7393042700981423,18.760000228881836,equity_coupled,momentum_driven,equity_coupled
2022-01-10,0.6268281369600107,0.5689473421098314,2.20439876988639,19.399999618530273,equity_coupled,momentum_driven,equity_coupled
2022-01-11,0.546897185521909,0.5713191670833309,2.604566660849142,18.40999984741211,equity_coupled,momentum_driven,equity_coupled
2022-01-12,0.5514575095058065,0.5917299393999768,3.3014259209662242,17.6200008392334,equity_coupled,momentum_driven,equity_coupled
2022-01-13,0.5435596936142566,0.6371264155847349,3.0637803294024564,20.309999465942383,equity_coupled,neutral_coupled,equity_coupled
2022-01-14,0.5649384604560435,0.6554101864063367,3.536641967691933,19.190000534057617,equity_coupled,momentum_driven,equity_coupled
2022-01-18,0.5019956314766981,0.57962104184058,2.595280353240394,22.790000915527344,equity_coupled,neutral_coupled,equity_coupled
2022-01-19,0.5507117736568233,0.5595490128686762,2.0757631549865576,23.850000381469727,equity_coupled,neutral_coupled,equity_coupled
2022-01-20,0.5839186891194652,0.5825525490812835,2.2961865635953322,25.59000015258789,equity_coupled,neutral_coupled,equity_coupled
2022-01-21,0.6561982276837797,0.6341744221521722,5.135751749991359,28.850000381469727,equity_coupled,fear_driven,equity_coupled
2022-01-24,0.722760113876543,0.6365221841766388,4.829802189267752,29.899999618530273,equity_coupled,fear_driven,equity_coupled
2022-01-25,0.6763445418154815,0.6160551009372213,5.053473504831155,31.15999984741211,equity_coupled,fear_driven,equity_coupled
2022-01-26,0.637983353091035,0.6139786567825583,5.1671838099464855,31.959999084472656,equity_coupled,fear_driven,equity_coupled
2022-01-27,0.6392284983644012,0.611431348236226,5.832425457241357,30.489999771118164,equity_coupled,fear_driven,equity_coupled
2022-01-28,0.6126072675515852,0.5659324927639431,3.1763201859337173,27.65999984741211,equity_coupled,neutral_coupled,equity_coupled
2022-01-31,0.609630155615006,0.5691153132307806,2.8940959962690855,24.829999923706055,equity_coupled,neutral_coupled,equity_coupled
2022-02-01,0.5932171360915017,0.5634441559304219,0.49754879234322574,21.959999084472656,equity_coupled,neutral_coupled,equity_coupled
2022-02-02,0.4670477702402833,0.527269226144197,1.6967538587354898,22.09000015258789,equity_coupled,neutral_coupled,equity_coupled
2022-02-03,0.34585798966449915,0.4064710373343273,1.3466458185106573,24.350000381469727,transition,n/a,transition
2022-02-04,0.34777042174484585,0.3951253161403944,2.9089916736667285,23.219999313354492,transition,n/a,transition
2022-02-07,0.35885251492292375,0.3644210411008649,2.9515030461142913,22.860000610351562,transition,n/a,transition
2022-02-08,0.34740581932532744,0.3779468379978186,3.430439297789121,21.440000534057617,transition,n/a,transition
2022-02-09,0.3101871775303923,0.39637566979736677,3.646769891709358,19.959999084472656,transition,n/a,transition
2022-02-10,0.11083198813973665,0.40921825820928387,3.3123490985015236,23.90999984741211,transition,n/a,transition
2022-02-11,0.20628839665145787,0.42636110451885373,2.968497428848612,27.360000610351562,transition,n/a,transition
2022-02-14,0.21029832743968557,0.42521298101205873,3.5454539826142057,28.329999923706055,transition,n/a,transition
2022-02-15,0.26204316450851145,0.47828413199564307,1.7771514038193172,25.700000762939453,transition,n/a,transition
2022-02-16,0.2607133833577282,0.47606510464491536,1.6688821317955878,24.290000915527344,transition,n/a,transition
2022-02-17,0.422173028393022,0.49708263369826283,2.475127119123973,28.110000610351562,transition,n/a,transition
2022-02-18,0.43287444842537887,0.49974846345595497,2.871256797556137,27.75,transition,n/a,transition
2022-02-22,0.3997316953880626,0.4767004717538786,3.332119672524655,28.809999465942383,transition,n/a,transition
2022-02-23,0.5648607285856572,0.48869011620648944,3.352572036338351,31.020000457763672,transition,n/a,transition
2022-02-24,0.6174997062636873,0.4943008489185547,2.924326257674584,30.31999969482422,transition,n/a,transition
2022-02-25,0.6880955367633148,0.496814804816541,2.429297368510717,27.59000015258789,transition,n/a,transition
2022-02-28,0.46568256870055397,0.40455895721572754,4.090151564048071,30.149999618530273,crypto_native_bypass,n/a,transition
2022-03-01,0.43689401583548776,0.38078043431729824,3.382322689774809,33.31999969482422,crypto_native_bypass,n/a,transition
2022-03-02,0.38906641620196514,0.3581643354611054,3.0331713973950847,30.739999771118164,crypto_native_bypass,n/a,transition
2022-03-03,0.368555731735036,0.3560699827358872,3.436257886556012,30.479999542236328,crypto_native_bypass,n/a,transition
2022-03-04,0.35118916936128425,0.3551246811284302,4.558332101710333,31.979999542236328,crypto_native_bypass,n/a,transition
2022-03-07,0.33730865388081716,0.290205351481482,3.6831870466507035,36.45000076293945,crypto_native_bypass,n/a,transition
2022-03-08,0.27674502482428304,0.2849209803205002,4.61147536548885,35.130001068115234,crypto_native_bypass,n/a,transition
2022-03-09,0.4124466329383247,0.3560338940842814,2.6483050998603135,32.45000076293945,transition,n/a,transition
2022-03-10,0.31770343774185567,0.354168750694582,2.9161869464917842,30.229999542236328,crypto_native_bypass,n/a,transition
2022-03-11,0.32618708332788615,0.36254241474314275,3.2640257733610873,30.75,crypto_native_bypass,n/a,transition
2022-03-14,0.32335076951276376,0.34938636992720057,3.4961029538406216,31.770000457763672,crypto_native_bypass,n/a,transition
2022-03-15,0.2367183890704557,0.3219286687280423,2.400899058441331,29.829999923706055,crypto_native,n/a,transition
2022-03-16,0.265310706978355,0.34844817259844835,2.8536983829955584,26.670000076293945,crypto_native,n/a,transition
2022-03-17,0.2406207449315127,0.3734048437875416,3.0324251575078573,25.670000076293945,transition,n/a,transition
2022-03-18,0.3730713668930283,0.38832018114492217,2.702622046595003,23.8700008392334,transition,n/a,transition
2022-03-21,0.44881006779106214,0.39588226655606057,1.8989638638216744,23.530000686645508,transition,n/a,transition
2022-03-22,0.5020641280691484,0.4132819705383939,2.218635516299404,22.940000534057617,transition,n/a,transition
2022-03-23,0.45975337883009254,0.4053612056885002,1.660349562828874,23.56999969482422,transition,n/a,transition
2022-03-24,0.4606909681701642,0.41884366605139445,1.6038810018972058,21.670000076293945,transition,n/a,transition
2022-03-25,0.44487736196509803,0.40884182751554915,1.4386118694470555,20.809999465942383,transition,n/a,transition
2022-03-28,0.47253589681631586,0.3879677479179402,1.298320487275969,19.6299991607666,transition,n/a,transition
2022-03-29,0.30076424791570194,0.3854524545438814,1.2766551798073953,18.899999618530273,transition,n/a,transition
2022-03-30,0.24911276551748993,0.37032375015712526,1.2787620035351075,19.329999923706055,transition,n/a,transition
2022-03-31,0.341633177754855,0.39266246553375833,1.5354094350763967,20.559999465942383,transition,n/a,transition
2022-04-01,0.570668407197947,0.3248969504151174,1.779846035256194,19.6299991607666,crypto_native,n/a,transition
2022-04-04,0.7268153826401603,0.3141797810041464,1.6870352180903454,18.56999969482422,crypto_native,n/a,transition
2022-04-05,0.7071265620679309,0.3550409880679247,1.6323228911413106,21.030000686645508,transition,n/a,transition
2022-04-06,0.7555619710003045,0.3558152529900277,2.2726849454858913,22.100000381469727,transition,n/a,transition
2022-04-07,0.7402232149521639,0.34580361518496305,2.6452722862750764,21.549999237060547,crypto_native,n/a,transition
2022-04-08,0.726909673325033,0.34132113622712273,2.7150910336543954,21.15999984741211,crypto_native,n/a,transition
2022-04-11,0.7541231815487389,0.5034034674458769,3.2691487108314883,24.3700008392334,equity_coupled,event_spike,equity_coupled
2022-04-12,0.8318196401249769,0.5492448562735017,3.436308948224624,24.260000228881836,equity_coupled,event_spike,equity_coupled
2022-04-13,0.8305958053876802,0.5867050330970199,3.5508866161551276,21.81999969482422,equity_coupled,event_spike,equity_coupled
2022-04-14,0.8314094242391041,0.594181203808131,3.60274265933505,22.700000762939453,equity_coupled,event_spike,equity_coupled
2022-04-18,0.7944762359583221,0.5970783647036909,3.695734201321164,22.170000076293945,equity_coupled,event_spike,equity_coupled
2022-04-19,0.8033737025326787,0.6348656814191959,3.062824285583261,21.3700008392334,equity_coupled,neutral_coupled,equity_coupled
2022-04-20,0.808875552482732,0.6575685531199821,2.9460458239658083,20.31999969482422,equity_coupled,neutral_coupled,equity_coupled
2022-04-21,0.7864965669906903,0.5997124725382209,2.0365798082032507,22.68000030517578,equity_coupled,neutral_coupled,equity_coupled
2022-04-22,0.6938035278441834,0.6147065899454665,1.5533981749759513,28.209999084472656,equity_coupled,fear_driven,equity_coupled
2022-04-25,0.7118991826049443,0.6102081630082686,1.6262180431786162,27.020000457763672,equity_coupled,neutral_coupled,equity_coupled
2022-04-26,0.7641549159349728,0.7405140539780365,1.8301820712897323,33.52000045776367,equity_coupled,fear_driven,equity_coupled
2022-04-27,0.7880531144501257,0.7798995945671449,1.8264836206704005,31.600000381469727,equity_coupled,fear_driven,equity_coupled
2022-04-28,0.7498726208998149,0.7390927870844706,1.6154366995853933,29.989999771118164,equity_coupled,fear_driven,equity_coupled
2022-04-29,0.7584156689238022,0.7449961969030354,1.453509336417325,33.400001525878906,equity_coupled,fear_driven,equity_coupled
2022-05-02,0.7908642437289288,0.736585887164509,1.3965289980421587,32.34000015258789,equity_coupled,fear_driven,equity_coupled
2022-05-03,0.754769110963549,0.7185347487681675,1.4954280620384077,29.25,equity_coupled,fear_driven,equity_coupled
2022-05-04,0.7974557983501769,0.7476603605897416,1.5039003794874108,25.420000076293945,equity_coupled,neutral_coupled,equity_coupled
2022-05-05,0.8321354322749265,0.8114718660460266,1.6453553030394183,31.200000762939453,equity_coupled,fear_driven,equity_coupled
2022-05-06,0.8481666450293355,0.8046655839767062,1.542131404772607,30.190000534057617,equity_coupled,fear_driven,equity_coupled
2022-05-09,0.8191270582524109,0.8114889410803788,2.133465554722336,34.75,equity_coupled,fear_driven,equity_coupled
2022-05-10,0.8180058122489394,0.8079467913428089,2.53841207286874,32.9900016784668,crypto_native_bypass,n/a,equity_coupled
2022-05-11,0.8103199496625747,0.805616881530032,2.606237563267595,32.560001373291016,crypto_native_bypass,n/a,equity_coupled
2022-05-12,0.8390631592963058,0.8063050953261071,2.7258866515336178,31.770000457763672,crypto_native_bypass,n/a,equity_coupled
2022-05-13,0.8284594633704384,0.7935036660875486,2.5734944294744757,28.8700008392334,crypto_native_bypass,n/a,equity_coupled
2022-05-16,0.8053654247060482,0.781994367310194,2.915714922431967,27.469999313354492,equity_coupled,neutral_coupled,equity_coupled
2022-05-17,0.8331297933349395,0.7853182709781077,2.7286381055796523,26.100000381469727,equity_coupled,neutral_coupled,equity_coupled
2022-05-18,0.8230837169905536,0.7900097417599915,1.7892949116292924,30.959999084472656,equity_coupled,fear_driven,equity_coupled
2022-05-19,0.788992787679593,0.7540770574222163,2.0872519807576944,29.350000381469727,equity_coupled,fear_driven,equity_coupled
2022-05-20,0.7749897339495196,0.7410761787362556,1.9088338545847645,29.43000030517578,equity_coupled,fear_driven,equity_coupled
2022-05-23,0.7137350288213725,0.6927308836486608,1.8607472167999646,28.479999542236328,equity_coupled,fear_driven,equity_coupled
2022-05-24,0.6239584317844585,0.6745861643848503,2.107881899566272,29.450000762939453,equity_coupled,fear_driven,equity_coupled
2022-05-25,0.5670415326096008,0.678081747777684,1.9283665556977525,28.3700008392334,equity_coupled,fear_driven,equity_coupled
2022-05-26,0.5564343682977805,0.6565789371351701,1.8559162686578181,27.5,equity_coupled,neutral_coupled,equity_coupled
2022-05-27,0.3314852717221676,0.6214668566218982,2.556671995045116,25.719999313354492,equity_coupled,neutral_coupled,equity_coupled
2022-05-31,0.3250936377318537,0.6249630335481811,1.6468786211234085,26.190000534057617,equity_coupled,neutral_coupled,equity_coupled
2022-06-01,0.2694578725088105,0.6087448654742359,1.9834343669547534,25.690000534057617,equity_coupled,neutral_coupled,equity_coupled
2022-06-02,0.32557482008232924,0.6216168561227328,2.0661344089043103,24.719999313354492,equity_coupled,neutral_coupled,equity_coupled
2022-06-03,0.30833127127899096,0.6231940028991012,1.7100125886787048,24.790000915527344,equity_coupled,neutral_coupled,equity_coupled
2022-06-06,0.2761660309892374,0.6234292609530548,2.272837567496537,25.06999969482422,equity_coupled,neutral_coupled,equity_coupled
2022-06-07,0.23296784528657793,0.6223368512421281,2.446820134486415,24.020000457763672,equity_coupled,neutral_coupled,equity_coupled
2022-06-08,0.007264699826931228,0.6045742768442123,3.0054829420173292,23.959999084472656,equity_coupled,neutral_coupled,equity_coupled
2022-06-09,0.07697497152081013,0.5851422268226867,2.449165334337885,26.09000015258789,equity_coupled,neutral_coupled,equity_coupled
2022-06-10,0.17654742691074973,0.5776257045653467,1.6919702797201988,27.75,equity_coupled,neutral_coupled,equity_coupled
2022-06-13,0.5820178543829664,0.6498720831954197,3.9016162242139694,34.02000045776367,crypto_native_bypass,n/a,equity_coupled
2022-06-14,0.6096342430371575,0.6469422588535018,3.810761908477413,32.689998626708984,crypto_native_bypass,n/a,equity_coupled
2022-06-15,0.6242912687046482,0.6566970645432584,3.152173899189841,29.6200008392334,crypto_native_bypass,n/a,equity_coupled
2022-06-16,0.6940185250794056,0.6553036293370651,3.506602478764283,32.95000076293945,crypto_native_bypass,n/a,equity_coupled
2022-06-17,0.7729304976997589,0.6356296500534367,3.4034395421513866,31.1299991607666,crypto_native_bypass,n/a,equity_coupled
2022-06-21,0.7560374071211293,0.6376954970943133,2.8221646495511497,30.190000534057617,crypto_native_bypass,n/a,equity_coupled
2022-06-22,0.7611588655262398,0.5956729091919659,3.013140062136802,28.950000762939453,crypto_native_bypass,n/a,equity_coupled
2022-06-23,0.7617895665885155,0.6012352640433474,2.6913574862207845,29.049999237060547,equity_coupled,fear_driven,equity_coupled
2022-06-24,0.7360788461324563,0.5875477743432006,2.371493523909889,27.229999542236328,equity_coupled,neutral_coupled,equity_coupled
2022-06-27,0.7507573337401832,0.5897622562462759,2.324730697899861,26.950000762939453,equity_coupled,neutral_coupled,equity_coupled
2022-06-28,0.7340466723868742,0.5802102562584095,1.667515073069895,28.360000610351562,equity_coupled,fear_driven,equity_coupled
2022-06-29,0.7350504287270394,0.5822747839142167,1.6585585172728654,28.15999984741211,equity_coupled,fear_driven,equity_coupled
2022-06-30,0.7852828063720206,0.5697329582002537,1.8309830482565106,28.709999084472656,equity_coupled,fear_driven,equity_coupled
2022-07-01,0.8032031844652393,0.5428164423450176,1.700508841282462,26.700000762939453,equity_coupled,neutral_coupled,equity_coupled
2022-07-05,0.7102263137060003,0.5858587583339707,0.7271903071690146,27.540000915527344,equity_coupled,neutral_coupled,equity_coupled
2022-07-06,0.7006502052092395,0.5885053940001348,1.4886390020280658,26.729999542236328,equity_coupled,neutral_coupled,equity_coupled
2022-07-07,0.6998093495593897,0.6421689265080502,2.3167162974331506,26.079999923706055,equity_coupled,neutral_coupled,equity_coupled
2022-07-08,0.4562355084569423,0.6590700582477962,3.290925983549115,24.639999389648438,equity_coupled,neutral_coupled,equity_coupled
2022-07-11,0.5275637987940325,0.6638390563835055,3.265040662171306,26.170000076293945,equity_coupled,neutral_coupled,equity_coupled
2022-07-12,0.5807312751959888,0.6794326128214705,3.4284554512367373,27.290000915527344,equity_coupled,neutral_coupled,equity_coupled
2022-07-13,0.48871635056776364,0.6956402365039467,4.059971230566456,26.81999969482422,equity_coupled,neutral_coupled,equity_coupled
2022-07-14,0.4345929064106344,0.6943669674400219,4.08653133001716,26.399999618530273,equity_coupled,neutral_coupled,equity_coupled
2022-07-15,0.5142046297933979,0.6996552789185367,3.053506312022973,24.229999542236328,equity_coupled,neutral_coupled,equity_coupled
2022-07-18,0.2838278078734914,0.6276434958784242,4.121932939752409,25.299999237060547,equity_coupled,neutral_coupled,equity_coupled
2022-07-19,0.30270643150940196,0.6401523611057861,2.8288149700884517,24.5,equity_coupled,neutral_coupled,equity_coupled
2022-07-20,0.2813719206604704,0.6427318847209603,2.562452970528613,23.8799991607666,equity_coupled,neutral_coupled,equity_coupled
2022-07-21,0.21484197382853434,0.6442800187003572,2.307323881257769,23.110000610351562,equity_coupled,neutral_coupled,equity_coupled
2022-07-22,0.3395626690433162,0.64192373077192,2.3944661206880062,23.030000686645508,equity_coupled,neutral_coupled,equity_coupled
2022-07-25,0.31095937855838857,0.6511007934036611,3.207595593858035,23.360000610351562,equity_coupled,neutral_coupled,equity_coupled
2022-07-26,0.3204669263046896,0.6499217373827758,3.162646435033286,24.690000534057617,equity_coupled,neutral_coupled,equity_coupled
2022-07-27,0.4230032447757461,0.5609797026395329,2.786362337882655,23.239999771118164,equity_coupled,neutral_coupled,equity_coupled
2022-07-28,0.4439990690939239,0.5671502552974726,3.3117015390610614,22.329999923706055,equity_coupled,neutral_coupled,equity_coupled
2022-07-29,0.3430403214278339,0.5560106803460353,3.182422569164439,21.329999923706055,equity_coupled,neutral_coupled,equity_coupled
2022-08-01,0.2839137143083304,0.4194469840357114,3.120154104507464,22.84000015258789,transition,n/a,transition
2022-08-02,0.38495975938767096,0.4283921194331164,3.1849085585391537,23.93000030517578,transition,n/a,transition
2022-08-03,0.3675751738313905,0.4291592663914342,2.412758915057945,21.950000762939453,transition,n/a,transition
2022-08-04,0.385897272916492,0.42834841421169123,2.8364900377303983,21.440000534057617,transition,n/a,transition
2022-08-05,0.6290673869536281,0.4056681719934683,2.206963296367516,21.149999618530273,transition,n/a,transition
2022-08-08,0.5278299137922672,0.42670107949749786,1.9866322904249085,21.290000915527344,transition,n/a,transition
2022-08-09,0.5582598335291044,0.4309442796889666,2.8899833226648384,21.770000457763672,transition,n/a,transition
2022-08-10,0.6109059932965563,0.430428180409748,2.2959201860284,19.739999771118164,transition,n/a,transition
2022-08-11,0.5882087425983601,0.428391966453831,2.3250336122975406,20.200000762939453,transition,n/a,transition
2022-08-12,0.6486480892539258,0.4166267820846016,2.2149879039682165,19.530000686645508,transition,n/a,transition
2022-08-15,0.6417710272972393,0.44749894843871846,2.2390971157114676,19.950000762939453,transition,n/a,transition
2022-08-16,0.4663099514462938,0.4470491538613989,2.2629941256053683,19.690000534057617,transition,n/a,transition
2022-08-17,0.4854663430349312,0.4652919446645471,2.046281136215416,19.899999618530273,transition,n/a,transition
2022-08-18,0.5235468687807878,0.4390041122821117,1.8943462198867531,19.559999465942383,transition,n/a,transition
2022-08-19,0.628738494866637,0.496115437367904,4.257045602072798,20.600000381469727,transition,n/a,transition
2022-08-22,0.5226524786110227,0.4505165206374144,3.136525964804299,23.799999237060547,transition,n/a,transition
2022-08-23,0.5510277417963345,0.429341408544194,4.041733641612197,24.110000610351562,transition,n/a,transition
2022-08-24,0.548708291913329,0.46718752303420863,4.121723154394861,22.81999969482422,transition,n/a,transition
2022-08-25,0.5934752699203424,0.4786633586674231,3.422800545685778,21.780000686645508,transition,n/a,transition
2022-08-26,0.7123389806537355,0.5554478378659788,2.629909493780457,25.559999465942383,equity_coupled,neutral_coupled,equity_coupled
2022-08-29,0.6336347427455173,0.6365780031377859,3.0412950455178067,26.209999084472656,equity_coupled,event_spike,equity_coupled
2022-08-30,0.5814327379209033,0.6167472634131873,1.938601779416877,26.209999084472656,equity_coupled,event_spike,equity_coupled
2022-08-31,0.550246933848491,0.6024580197286848,2.1439418490775455,25.8700008392334,equity_coupled,neutral_coupled,equity_coupled
2022-09-01,0.5197779125072586,0.6090363517359634,2.083752317301002,25.559999465942383,equity_coupled,neutral_coupled,equity_coupled
2022-09-02,0.5144026907037977,0.6013395758532386,2.1438910378717067,25.469999313354492,equity_coupled,neutral_coupled,equity_coupled
2022-09-06,0.4808452234442204,0.6284541795822622,3.012081676855648,26.90999984741211,equity_coupled,neutral_coupled,equity_coupled
2022-09-07,0.540261804341649,0.644019994145565,2.8115428601338763,24.639999389648438,equity_coupled,neutral_coupled,equity_coupled
2022-09-08,0.5462220398940112,0.5773923464212346,2.3179914066500777,23.610000610351562,equity_coupled,neutral_coupled,equity_coupled
2022-09-09,0.6519239772109727,0.5799669212264551,4.083495858634496,22.790000915527344,equity_coupled,neutral_coupled,equity_coupled
2022-09-12,0.6894109592215117,0.6037938369510696,4.437940299141345,23.8700008392334,equity_coupled,neutral_coupled,equity_coupled
2022-09-13,0.801455629916459,0.6966168129251501,2.9052180415813567,27.270000457763672,crypto_native_bypass,n/a,equity_coupled
2022-09-14,0.8030057147000953,0.6949597233944097,2.9545600048972,26.15999984741211,crypto_native_bypass,n/a,equity_coupled
2022-09-15,0.8191609084694413,0.7172290415182787,2.772158933290415,26.270000457763672,crypto_native_bypass,n/a,equity_coupled
2022-09-16,0.7871176954685424,0.7133458695456429,2.951522649996323,26.299999237060547,crypto_native_bypass,n/a,equity_coupled
2022-09-19,0.818898500773815,0.7214889336667832,2.9501719426531476,25.760000228881836,crypto_native_bypass,n/a,equity_coupled
2022-09-20,0.820106216814887,0.7327569787545866,2.218032375317966,27.15999984741211,equity_coupled,neutral_coupled,equity_coupled
2022-09-21,0.8300917282484251,0.7304725927306448,2.134852261726742,27.989999771118164,equity_coupled,neutral_coupled,equity_coupled
2022-09-22,0.7656277247452302,0.6785742786625979,3.1043330874970163,27.350000381469727,equity_coupled,neutral_coupled,equity_coupled
2022-09-23,0.752624176616823,0.6673113330959095,3.2574335201076035,29.920000076293945,equity_coupled,fear_driven,equity_coupled
2022-09-26,0.7690884611979905,0.647484401103615,3.2040137056419016,32.2599983215332,equity_coupled,fear_driven,equity_coupled
2022-09-27,0.7821236077631571,0.6527676477915648,3.0647675482405328,32.599998474121094,equity_coupled,fear_driven,equity_coupled
2022-09-28,0.7609140092926612,0.6535967733009406,2.1166594036162865,30.18000030517578,equity_coupled,fear_driven,equity_coupled
2022-09-29,0.6872790688892311,0.6263575028249606,1.5521158716328098,31.84000015258789,equity_coupled,fear_driven,equity_coupled
2022-09-30,0.6548193310998159,0.6265768114324592,1.4270711354850065,31.6200008392334,equity_coupled,fear_driven,equity_coupled
2022-10-03,0.4293284463637731,0.672677219398432,0.8147624224130304,30.100000381469727,equity_coupled,fear_driven,equity_coupled
2022-10-04,0.5556400680765277,0.68862816668911,0.7987485111606273,29.06999969482422,equity_coupled,fear_driven,equity_coupled
2022-10-05,0.5364300963439504,0.6872931095742266,0.9016997140255395,28.549999237060547,equity_coupled,fear_driven,equity_coupled
2022-10-06,0.5472658478543202,0.6929007178704417,0.9043030198157448,30.520000457763672,equity_coupled,fear_driven,equity_coupled
2022-10-07,0.5999017797433597,0.6974063725433202,0.9493126418041431,31.360000610351562,equity_coupled,fear_driven,equity_coupled
2022-10-10,0.6133772243635669,0.6604461382645719,1.0575886137752348,32.45000076293945,equity_coupled,fear_driven,equity_coupled
2022-10-11,0.5906710225656442,0.678539883251742,1.0878307236544564,33.630001068115234,equity_coupled,fear_driven,equity_coupled
2022-10-12,0.7612037233824043,0.6755120369541072,1.0821786424568671,33.56999969482422,equity_coupled,fear_driven,equity_coupled
2022-10-13,0.7370090617496445,0.6642835580501849,0.7155406434581425,31.940000534057617,equity_coupled,fear_driven,equity_coupled
2022-10-14,0.8356703654135608,0.6597455172959825,0.6589616687362232,32.02000045776367,equity_coupled,fear_driven,equity_coupled
2022-10-17,0.8402254494360926,0.6496290128761534,0.636863983121334,31.3700008392334,equity_coupled,fear_driven,equity_coupled
2022-10-18,0.7684356864240687,0.653776230271061,0.6444207132027989,30.5,equity_coupled,fear_driven,equity_coupled
2022-10-19,0.8476257932788838,0.6477056758074151,0.5942926902096741,30.760000228881836,equity_coupled,fear_driven,equity_coupled
2022-10-20,0.8494565098224981,0.6508308646333523,0.5893084396902913,29.979999542236328,equity_coupled,fear_driven,equity_coupled
2022-10-21,0.8217460350230574,0.6669306965331705,0.5573749712353832,29.690000534057617,equity_coupled,fear_driven,equity_coupled
2022-10-24,0.7489732297776049,0.6407655284692596,0.5590943488134588,29.850000381469727,equity_coupled,fear_driven,equity_coupled
2022-10-25,0.6676005533976705,0.5471766717469309,1.3611321830601577,28.459999084472656,equity_coupled,fear_driven,equity_coupled
2022-10-26,0.48357040383227473,0.5037412247324379,1.6449953782627333,27.280000686645508,equity_coupled,neutral_coupled,equity_coupled
2022-10-27,0.4102049017649256,0.4922797595849707,1.7471229215241841,27.389999389648438,transition,n/a,transition
2022-10-28,0.4129897993087515,0.5042814275439866,1.5609452003632847,25.75,equity_coupled,neutral_coupled,equity_coupled
2022-10-31,0.41885971083756074,0.5069096087092492,1.585626846110679,25.8799991607666,equity_coupled,neutral_coupled,equity_coupled
2022-11-01,0.43234248809405035,0.49940513315334195,1.7514443161843414,25.809999465942383,transition,n/a,transition
2022-11-02,0.47543398793203706,0.5043304758010644,1.4396666397521565,25.860000610351562,equity_coupled,neutral_coupled,equity_coupled
2022-11-03,0.43422700363875155,0.5966821634813665,1.2872093054598286,25.299999237060547,equity_coupled,neutral_coupled,equity_coupled
2022-11-04,0.44457397286301314,0.5917345784365181,1.3936529460338691,24.549999237060547,equity_coupled,neutral_coupled,equity_coupled
2022-11-07,0.4393473033582737,0.5996745500807431,1.2752835252297456,24.350000381469727,equity_coupled,neutral_coupled,equity_coupled
2022-11-08,0.19666642586164168,0.3778780265819532,3.38417709779623,25.540000915527344,crypto_native_bypass,n/a,transition
2022-11-09,0.43083566793105166,0.4131738527040357,4.613836804086159,26.09000015258789,crypto_native_bypass,n/a,transition
2022-11-10,0.6160105610478066,0.5691625418432713,3.2353756536039735,23.530000686645508,crypto_native_bypass,n/a,equity_coupled
2022-11-11,0.6083619450016197,0.5634562058259632,3.683053438725359,22.520000457763672,crypto_native_bypass,n/a,equity_coupled
2022-11-14,0.5632642496122156,0.5344783054228489,3.7518338385733094,23.729999542236328,crypto_native_bypass,n/a,equity_coupled
2022-11-15,0.6104946890616026,0.5169750964999751,3.635943523445235,24.540000915527344,crypto_native_bypass,n/a,equity_coupled
2022-11-16,0.6031585601065669,0.5172006758776281,3.5199775569596685,24.110000610351562,crypto_native_bypass,n/a,equity_coupled
2022-11-17,0.5936233341452535,0.5164282567179075,3.1678691434920685,23.93000030517578,crypto_native_bypass,n/a,equity_coupled
2022-11-18,0.6022128595487712,0.522867594334093,1.9751270794697207,23.1200008392334,equity_coupled,neutral_coupled,equity_coupled
2022-11-21,0.612498419988783,0.5249804666220962,2.61114427826092,22.360000610351562,equity_coupled,neutral_coupled,equity_coupled
2022-11-22,0.6729919395189593,0.5343413603127208,2.2394599931050054,21.290000915527344,equity_coupled,neutral_coupled,equity_coupled
2022-11-23,0.7026946777890204,0.5378933419338617,2.68192987737142,20.350000381469727,equity_coupled,neutral_coupled,equity_coupled
2022-11-25,0.6918161182897269,0.5393241889516998,2.7697011996349516,20.5,equity_coupled,neutral_coupled,equity_coupled
2022-11-28,0.6662694157588712,0.5533998354349745,2.223405747591031,22.209999084472656,equity_coupled,neutral_coupled,equity_coupled
2022-11-29,0.7550698986082734,0.5480648807389641,2.3122265649658753,21.889999389648438,equity_coupled,neutral_coupled,equity_coupled
2022-11-30,0.8264217120097144,0.5771688640957353,1.7782880052020382,20.579999923706055,equity_coupled,neutral_coupled,equity_coupled
2022-12-01,0.5723480903723316,0.5781610473200453,1.5102914772709484,19.84000015258789,equity_coupled,momentum_driven,equity_coupled
2022-12-02,0.738870199534661,0.5785362746536228,1.4955754980049885,19.059999465942383,equity_coupled,momentum_driven,equity_coupled
2022-12-05,0.8033442773711843,0.5773922489432817,1.2818534993668018,20.75,equity_coupled,neutral_coupled,equity_coupled
2022-12-06,0.736979163778686,0.5693980076619313,1.200848202197946,22.170000076293945,equity_coupled,neutral_coupled,equity_coupled
2022-12-07,0.7125970797781404,0.5570880957642835,1.2764712624554453,22.68000030517578,equity_coupled,neutral_coupled,equity_coupled
2022-12-08,0.7217231644481267,0.5846667183206008,1.3062697886027097,22.290000915527344,equity_coupled,neutral_coupled,equity_coupled
2022-12-09,0.7373485617151617,0.5798383352809525,1.5147532797487833,22.829999923706055,equity_coupled,neutral_coupled,equity_coupled
2022-12-12,0.7699785000986248,0.5806550360540711,1.0910055301420156,25.0,equity_coupled,neutral_coupled,equity_coupled
2022-12-13,0.7401452829671009,0.5849706782973555,1.4197877903966247,22.549999237060547,equity_coupled,neutral_coupled,equity_coupled
2022-12-14,0.7410826044220657,0.582836208599427,1.5901094051613243,21.139999389648438,equity_coupled,neutral_coupled,equity_coupled
2022-12-15,0.8022997317374138,0.5937862332164912,1.5572951391641865,22.829999923706055,equity_coupled,neutral_coupled,equity_coupled
2022-12-16,0.7453326510141747,0.6126270395093563,1.9266613416726037,22.6200008392334,equity_coupled,neutral_coupled,equity_coupled
2022-12-19,0.7564854726912805,0.6029006922173293,1.9005422324165016,22.420000076293945,equity_coupled,neutral_coupled,equity_coupled
2022-12-20,0.6291497201807194,0.6074454281366339,2.1424382288567023,21.479999542236328,equity_coupled,neutral_coupled,equity_coupled
2022-12-21,0.5589938144187189,0.6921502373875041,2.1007668817885503,20.06999969482422,equity_coupled,neutral_coupled,equity_coupled
2022-12-22,0.532979157537916,0.7497477491242998,1.7998701391991159,21.969999313354492,equity_coupled,event_spike,equity_coupled
2022-12-23,0.5156099598403691,0.5472611223259926,1.6544682316388726,20.8700008392334,equity_coupled,neutral_coupled,equity_coupled
2022-12-27,0.574834054857296,0.6339629656777622,2.0525150531898397,21.649999618530273,equity_coupled,neutral_coupled,equity_coupled
2022-12-28,0.5895982743290353,0.6675321909568666,1.4384822837275446,22.139999389648438,equity_coupled,neutral_coupled,equity_coupled
2022-12-29,0.5488977862323043,0.6450121639930648,1.087047772497273,21.440000534057617,equity_coupled,neutral_coupled,equity_coupled
2022-12-30,0.5485319306444802,0.6402734014692288,0.4842438642678637,21.670000076293945,equity_coupled,neutral_coupled,equity_coupled
2023-01-03,0.5396023714155296,0.6405265886486723,0.5618542117797407,22.899999618530273,equity_coupled,neutral_coupled,equity_coupled
2023-01-04,0.5303922833260429,0.6474253342978074,0.8255471073248992,22.010000228881836,equity_coupled,neutral_coupled,equity_coupled
2023-01-05,0.5194999653054302,0.6636958978004494,0.7614777983196753,22.459999084472656,equity_coupled,neutral_coupled,equity_coupled
2023-01-06,0.4450405218057507,0.6233449219430454,0.5070464565510695,21.1299991607666,equity_coupled,neutral_coupled,equity_coupled
2023-01-09,0.36447306379149563,0.6205675695619696,0.41039654527596553,21.969999313354492,equity_coupled,neutral_coupled,equity_coupled
2023-01-10,0.312998349828557,0.628664432899323,0.5934046552488816,20.579999923706055,equity_coupled,neutral_coupled,equity_coupled
2023-01-11,0.492473500606176,0.6337012653706878,0.8773007008932459,21.09000015258789,equity_coupled,neutral_coupled,equity_coupled
2023-01-12,0.403514843991686,0.5936951050821111,1.643133913511575,18.829999923706055,equity_coupled,momentum_driven,equity_coupled
2023-01-13,0.32842779744996187,0.4898088047802781,2.071431423997443,18.350000381469727,transition,n/a,transition
2023-01-17,0.3617528267520639,0.4949522276227819,2.5688220712152883,19.360000610351562,transition,n/a,transition
2023-01-18,0.4572683866690244,0.5233349938130302,3.0910377848793638,20.34000015258789,equity_coupled,neutral_coupled,equity_coupled
2023-01-19,0.3598074042831778,0.4921106519944782,2.83505585754664,20.520000457763672,transition,n/a,transition
2023-01-20,0.5766165118661347,0.5740810975340339,2.8326425032623477,19.850000381469727,crypto_native_bypass,n/a,equity_coupled
2023-01-23,0.5304235794880906,0.5696788939863436,2.9369747086721367,19.809999465942383,crypto_native_bypass,n/a,equity_coupled
2023-01-24,0.5170757365553227,0.560318976682933,3.0056433058923004,19.200000762939453,crypto_native_bypass,n/a,equity_coupled
2023-01-25,0.5221114123103134,0.5504005536220554,2.6964166240645597,19.079999923706055,equity_coupled,momentum_driven,equity_coupled
2023-01-26,0.4293836318008826,0.5421850820186521,2.597374744228271,18.729999542236328,equity_coupled,momentum_driven,equity_coupled
2023-01-27,0.5625328463125608,0.5324084843703861,3.0816491734263054,18.510000228881836,equity_coupled,momentum_driven,equity_coupled
2023-01-30,0.6547493269276311,0.5625480035833281,3.323710573101273,19.940000534057617,crypto_native_bypass,n/a,equity_coupled
2023-01-31,0.6221829811797451,0.5278520876900661,2.1178151764501023,19.399999618530273,equity_coupled,momentum_driven,equity_coupled
2023-02-01,0.6202433166020189,0.5020373946380794,2.387698370427235,17.8700008392334,equity_coupled,momentum_driven,equity_coupled
2023-02-02,0.5544152995163878,0.43103956580730274,2.2177880551537292,18.729999542236328,transition,n/a,transition
2023-02-03,0.5966939510463346,0.44594022542103595,1.7529589295709818,18.329999923706055,transition,n/a,transition
2023-02-06,0.6053448597534237,0.49063119314131365,1.7432608163807446,19.43000030517578,transition,n/a,transition
2023-02-07,0.5697305515606687,0.5072626774680014,1.8073716522679377,18.65999984741211,equity_coupled,momentum_driven,equity_coupled
2023-02-08,0.6679872171072627,0.533120796647897,1.333142437197313,19.6299991607666,equity_coupled,momentum_driven,equity_coupled
2023-02-09,0.6438271312763415,0.5481844758259393,2.1337234246279353,20.709999084472656,equity_coupled,neutral_coupled,equity_coupled
2023-02-10,0.6287201057675186,0.5368934675184466,1.9426201188030305,20.530000686645508,equity_coupled,neutral_coupled,equity_coupled
2023-02-13,0.6210615352981376,0.5438199611988566,2.1157752019080136,20.34000015258789,equity_coupled,neutral_coupled,equity_coupled
2023-02-14,0.6276111185496764,0.5338785822776015,2.5321250708661043,18.90999984741211,equity_coupled,momentum_driven,equity_coupled
2023-02-15,0.4476561313571136,0.4563925878575431,4.734785791997338,18.229999542236328,crypto_native_bypass,n/a,transition
2023-02-16,0.4950454121053828,0.49242038652989856,4.932841116624995,20.170000076293945,crypto_native_bypass,n/a,transition
2023-02-17,0.37463494191558777,0.46599096458859973,5.591331021702763,20.020000457763672,crypto_native_bypass,n/a,transition
2023-02-21,0.41150948364687806,0.5231025263474625,3.7568196136093244,22.8700008392334,crypto_native_bypass,n/a,equity_coupled
2023-02-22,0.3771703696395026,0.5240193237745749,3.85359816397477,22.290000915527344,crypto_native_bypass,n/a,equity_coupled
2023-02-23,0.4420948582671976,0.5099968901604435,4.459802297290912,21.139999389648438,crypto_native_bypass,n/a,equity_coupled
2023-02-24,0.48168618642308064,0.520656171031551,4.743621839989291,21.670000076293945,crypto_native_bypass,n/a,equity_coupled
2023-02-27,0.47004061530208724,0.5209769557893742,2.5114400047399346,20.950000762939453,equity_coupled,neutral_coupled,equity_coupled
2023-02-28,0.43760538718939895,0.526803325704799,2.5550982437766336,20.700000762939453,equity_coupled,neutral_coupled,equity_coupled
2023-03-01,0.4104552098100378,0.5112952251743454,1.8839119736121166,20.579999923706055,equity_coupled,neutral_coupled,equity_coupled
2023-03-02,0.31600319859696535,0.478357860587687,2.5412275378197964,19.59000015258789,transition,n/a,transition
2023-03-03,0.06293020368913634,0.3786965915681163,2.5194633383132476,18.489999771118164,transition,n/a,transition
2023-03-06,0.06419253969078272,0.27713171381307755,2.617695840258857,18.610000610351562,crypto_native,n/a,transition
2023-03-07,0.07743325480572176,0.2693999510976481,2.1246597107438014,19.59000015258789,crypto_native,n/a,transition
2023-03-08,-0.09235333747238478,0.2626059528641955,2.1669228375581837,19.110000610351562,crypto_native,n/a,transition
2023-03-09,0.11364620234102603,0.35500673088276585,2.394939691383148,22.610000610351562,transition,n/a,transition
2023-03-10,0.09807161606938737,0.3547968654202466,1.8417733752010734,24.799999237060547,transition,n/a,transition
2023-03-13,0.09202698629491458,0.3069258010594161,3.953573876647756,26.520000457763672,crypto_native_bypass,n/a,transition
2023-03-14,0.18734295853577324,0.30112447036771334,3.751946223912929,23.729999542236328,crypto_native_bypass,n/a,transition
2023-03-15,0.2020570411178378,0.296765239041509,3.8446575810047805,26.139999389648438,crypto_native_bypass,n/a,transition
2023-03-16,0.2469480503349016,0.3088070085776802,3.4277952756784997,22.989999771118164,crypto_native_bypass,n/a,transition
2023-03-17,0.0636518965013225,0.22506189204019855,3.8741400252110987,25.510000228881836,crypto_native_bypass,n/a,transition
2023-03-20,0.036478294700422145,0.21101425296064064,3.4384519143650576,24.149999618530273,crypto_native_bypass,n/a,transition
2023-03-21,0.06550267790785598,0.2165211402839856,3.678382947376784,21.3799991607666,crypto_native_bypass,n/a,transition
2023-03-22,0.1454847409306902,0.23076193209680468,2.8205716478537344,22.260000228881836,crypto_native_bypass,n/a,transition
2023-03-23,0.31438950833464313,0.2319570518234557,3.163410105411353,22.610000610351562,crypto_native_bypass,n/a,transition
2023-03-24,0.2676327714155549,0.18374923668154536,3.457146195685174,21.739999771118164,crypto_native_bypass,n/a,crypto_native
2023-03-27,0.23243118395546838,0.17701815191412623,4.269431116285696,20.600000381469727,crypto_native_bypass,n/a,crypto_native
2023-03-28,0.24332493613357398,0.18235175345467453,2.8041250618063893,19.969999313354492,crypto_native,n/a,crypto_native
2023-03-29,0.10296916984425436,0.21872434168270033,3.0613072813877844,19.1200008392334,crypto_native,n/a,transition
2023-03-30,0.0257678359728032,0.20415438738330327,3.294892994470101,19.020000457763672,crypto_native,n/a,transition
2023-03-31,0.12915810178824963,0.19048371298788475,4.778784570365703,18.700000762939453,crypto_native,n/a,crypto_native
2023-04-03,0.0961267393954085,0.20058096314017038,4.225044232526073,18.549999237060547,crypto_native,n/a,transition
2023-04-04,0.03013934762485068,0.17248360691127468,3.0659824363090853,19.0,crypto_native,n/a,crypto_native
2023-04-05,-0.03038576299498888,0.17008660610226872,2.276257218308306,19.079999923706055,crypto_native,n/a,crypto_native
2023-04-06,0.43695591183206206,0.1739101517858699,2.4559487030601477,18.399999618530273,crypto_native,n/a,crypto_native
2023-04-10,0.3848307283507236,0.137058673131629,3.2239560426413023,18.969999313354492,crypto_native,n/a,crypto_native
2023-04-11,0.3480653645591921,0.13583768266607876,3.077637641287559,19.100000381469727,crypto_native,n/a,crypto_native
2023-04-12,0.14973635381320333,0.1318363369732627,5.440262693392732,19.09000015258789,crypto_native,n/a,crypto_native
2023-04-13,0.16852147972210405,0.14583415619415455,2.7637797266807516,17.799999237060547,crypto_native,n/a,crypto_native
2023-04-14,0.23734705461178657,0.15392822447855678,3.047170674785804,17.06999969482422,crypto_native,n/a,crypto_native
2023-04-17,0.20574473919313815,0.2401081828001425,4.116283549855906,16.950000762939453,crypto_native,n/a,transition
2023-04-18,0.1600499536371239,0.23748339521228187,4.377999929788006,16.829999923706055,crypto_native,n/a,transition
2023-04-19,0.03400058267447347,0.22056083982572394,5.182534889774239,16.459999084472656,crypto_native,n/a,transition
2023-04-20,0.1385431090342947,0.23780701409970365,4.407116163630958,17.170000076293945,crypto_native,n/a,transition
2023-04-21,0.032853615542470876,0.10777660192678554,4.928408275363455,16.770000457763672,crypto_native,n/a,crypto_native
2023-04-24,0.059134548592056226,0.0864774930684538,9.52379625734526,16.889999389648438,crypto_native,n/a,crypto_native
2023-04-25,-0.12669282691567363,0.07314637659925195,4.827765868301336,18.760000228881836,crypto_native,n/a,crypto_native
2023-04-26,-0.13173547240862266,0.03706358736505126,5.0970172309823845,18.84000015258789,crypto_native,n/a,crypto_native
2023-04-27,0.13239113543451186,0.08835070330729725,3.054292751146564,17.030000686645508,crypto_native,n/a,crypto_native
2023-04-28,0.12554473458996254,0.0362224374040345,2.245746467674182,15.779999732971191,crypto_native,n/a,crypto_native
2023-05-01,0.1451554370393107,0.24865071225865973,2.675319887785485,16.079999923706055,crypto_native,n/a,transition
2023-05-02,0.03989800550154972,0.20524909652827178,2.1788919424661026,17.780000686645508,crypto_native,n/a,transition
2023-05-03,-0.04226483412484029,0.16801767246519522,2.1210797161459634,18.34000015258789,crypto_native,n/a,crypto_native
2023-05-04,-0.03656899407746267,0.09432074637227808,2.2650969970443118,20.09000015258789,crypto_native,n/a,crypto_native
2023-05-05,0.13093795002796427,0.14325512732606024,2.021735162907483,17.190000534057617,crypto_native,n/a,crypto_native
2023-05-08,0.11906533156805399,0.1708515086627497,2.3403996228530453,16.979999542236328,crypto_native,n/a,crypto_native
2023-05-09,0.14118722160178712,0.17915617828467692,2.4745435245064056,17.709999084472656,crypto_native,n/a,crypto_native
2023-05-10,0.10634688734696683,0.17891658343418182,1.7323599304886506,16.940000534057617,crypto_native,n/a,crypto_native
2023-05-11,0.1372772744372843,0.11191649724121518,1.9838336412908097,16.93000030517578,crypto_native,n/a,crypto_native
2023-05-12,0.1419907660665525,0.12558295407123235,1.9663501794792486,17.030000686645508,crypto_native,n/a,crypto_native
2023-05-15,0.36362630856499817,0.0938185696906029,2.3264457500901927,17.1200008392334,crypto_native,n/a,crypto_native
2023-05-16,0.38282979845721593,0.11040715543544749,3.3067466636356366,17.989999771118164,crypto_native,n/a,crypto_native
2023-05-17,0.20681983795415784,0.1532311092962906,1.9053774772762682,16.8700008392334,crypto_native,n/a,crypto_native
2023-05-18,0.125203384061037,0.1164089806059953,2.12526264570339,16.049999237060547,crypto_native,n/a,crypto_native
2023-05-19,0.1270579572230714,0.11726428998006484,2.120496481780855,16.809999465942383,crypto_native,n/a,crypto_native
2023-05-22,0.34365886664685236,0.12281309344646528,1.7949743306313066,17.209999084472656,crypto_native,n/a,crypto_native
2023-05-23,0.26285899619522807,0.08487411394234631,1.505096737148936,18.530000686645508,crypto_native,n/a,crypto_native
2023-05-24,0.3591395947306021,0.12386319896095808,2.035573661768028,20.030000686645508,crypto_native,n/a,crypto_native
2023-05-25,0.16174950939006705,0.11173978421899311,2.0158285736799653,19.139999389648438,crypto_native,n/a,crypto_native
2023-05-26,0.263764524901514,0.1386410226524117,1.9052173834430763,17.950000762939453,crypto_native,n/a,crypto_native
2023-05-30,0.2745106508913999,0.1561251752142072,1.8305577169064182,17.459999084472656,crypto_native,n/a,crypto_native
2023-05-31,0.3246833447553928,0.1749199374115112,1.9050142990459515,17.940000534057617,crypto_native,n/a,crypto_native
2023-06-01,0.21962254516900023,0.16247645387812534,1.7669406623163812,15.649999618530273,crypto_native,n/a,crypto_native
2023-06-02,0.31583326707509135,0.18205877015055552,1.9220922936687221,14.600000381469727,crypto_native,n/a,crypto_native
2023-06-05,0.3336107455212198,0.19909278210853512,2.8372250211852945,14.729999542236328,crypto_native,n/a,crypto_native
2023-06-06,0.2538291229486679,0.18782309364161998,4.183292367943012,13.960000038146973,crypto_native,n/a,crypto_native
2023-06-07,0.26402052585464175,0.3181812809697614,4.6770006537182285,13.9399995803833,crypto_native,n/a,transition
2023-06-08,0.3388021429880084,0.33144687990516375,4.670528704800343,13.649999618530273,crypto_native,n/a,transition
2023-06-09,0.34698008606582964,0.23760449191782249,5.349618847852961,13.829999923706055,crypto_native,n/a,transition
2023-06-12,0.34755224743208807,0.2412619302451585,5.3544437405519645,15.010000228881836,crypto_native,n/a,transition
2023-06-13,0.5190484316813463,0.24207925725210455,6.9809397833122295,14.609999656677246,crypto_native,n/a,transition
2023-06-14,0.4639552429945943,0.32896079852643095,6.621195639441007,13.880000114440918,crypto_native,n/a,transition
2023-06-15,0.4937451378079961,0.4013107225355677,3.4517481857369834,14.5,transition,n/a,transition
2023-06-16,0.3295812017732819,0.3440898488062154,3.415562677361864,13.539999961853027,crypto_native,n/a,transition
2023-06-20,0.11896278801805316,0.17034434774074053,4.1667454522801135,13.880000114440918,crypto_native,n/a,crypto_native
2023-06-21,-0.11087196956989005,0.06687328537422578,4.429537646131592,13.199999809265137,crypto_native,n/a,crypto_native
2023-06-22,-0.06442833714197363,0.06216687945113747,4.895402072180588,12.90999984741211,crypto_native,n/a,crypto_native
2023-06-23,-0.16626672390484423,0.018143283433840744,4.576843316446251,13.4399995803833,crypto_native,n/a,crypto_native
2023-06-26,-0.22484274358196032,0.013399260468410714,3.6447571042955715,14.25,crypto_native,n/a,crypto_native
2023-06-27,-0.23382072978948829,0.024824338963205052,3.8056423657859373,13.739999771118164,crypto_native,n/a,crypto_native
2023-06-28,-0.33436530379054535,0.032898891649280095,4.548484423011101,13.430000305175781,crypto_native,n/a,crypto_native
2023-06-29,-0.3277711476412902,0.0237651574461853,3.825264573563265,13.539999961853027,crypto_native,n/a,crypto_native
2023-06-30,-0.34798762725699683,0.0017727987573045246,2.0203994902966995,13.59000015258789,crypto_native,n/a,crypto_native
2023-07-03,-0.32669331337893603,0.03337491478293974,2.08267511265575,13.569999694824219,crypto_native,n/a,crypto_native
2023-07-05,-0.26668030195705916,0.041464527473647636,2.1189357459355906,14.180000305175781,crypto_native,n/a,crypto_native
2023-07-06,-0.1403937270039301,0.08147530218724454,2.1751982745987464,15.4399995803833,crypto_native,n/a,crypto_native
2023-07-07,-0.19630728219294424,0.10269894695854448,2.4994751951418435,14.829999923706055,crypto_native,n/a,crypto_native
2023-07-10,-0.17387377596908168,0.03821800725840934,2.1321148056600707,15.069999694824219,crypto_native,n/a,crypto_native
2023-07-11,-0.07146008370131017,0.039454365796336814,1.990718350283657,14.84000015258789,crypto_native,n/a,crypto_native
2023-07-12,0.1341551519687692,0.016166487867954757,2.517733236191054,13.539999961853027,crypto_native,n/a,crypto_native
2023-07-13,0.26650755034196666,0.05214201544945068,2.916814237799678,13.609999656677246,crypto_native,n/a,crypto_native
2023-07-14,0.49899925477645946,0.04209763316274959,3.872507380961853,13.34000015258789,crypto_native,n/a,crypto_native
2023-07-17,0.48782159096492855,0.07137620443143311,5.121622996108782,13.479999542236328,crypto_native,n/a,crypto_native
2023-07-18,0.4065098252229672,0.02873937689449678,6.427086499763224,13.300000190734863,crypto_native,n/a,crypto_native
2023-07-19,0.3772895423301008,-0.025850494060152485,6.325873745885868,13.760000228881836,crypto_native,n/a,crypto_native
2023-07-20,0.35897032988106314,-0.01081764523753187,3.882169401792205,13.989999771118164,crypto_native,n/a,crypto_native
2023-07-21,0.3921364548263289,-0.07122104256891573,4.116889808555372,13.600000381469727,crypto_native,n/a,crypto_native
2023-07-24,0.31279796728313236,-0.0891641114931118,3.597578465134103,13.90999984741211,crypto_native,n/a,crypto_native
2023-07-25,0.306769584971098,-0.09077805057354546,2.7302765376574514,13.859999656677246,crypto_native,n/a,crypto_native
2023-07-26,0.17613367101381153,-0.08250604063741257,2.8861463313010334,13.1899995803833,crypto_native,n/a,crypto_native
2023-07-27,0.2716384449015949,-0.057229231009082344,2.811746346491174,14.40999984741211,crypto_native,n/a,crypto_native
2023-07-28,0.2941205760994731,-0.0653557876964296,2.1270040564019954,13.329999923706055,crypto_native,n/a,crypto_native
2023-07-31,0.26588951415788176,-0.1099066560593959,2.547896917588582,13.630000114440918,crypto_native,n/a,crypto_native
2023-08-01,0.20807569461933456,-0.08947831383601143,2.7453732840154035,13.930000305175781,crypto_native,n/a,crypto_native
2023-08-02,0.13209251275251127,0.08850824975470657,1.342083668521651,16.09000015258789,crypto_native,n/a,crypto_native
2023-08-03,0.11626502874353237,0.2392164496315212,1.3800705970838467,15.920000076293945,crypto_native,n/a,transition
2023-08-04,0.12194352154185972,0.24681210187897232,1.3557475795678982,17.100000381469727,crypto_native,n/a,transition
2023-08-07,0.25538470506901856,0.3650458892929782,1.2034873824004908,15.770000457763672,transition,n/a,transition
2023-08-08,0.14614194911429565,0.29999340592879065,1.7968449800646438,15.989999771118164,crypto_native,n/a,transition
2023-08-09,0.16177498871348883,0.27328572053097006,1.8843314741993895,15.960000038146973,crypto_native,n/a,transition
2023-08-10,0.15133014111709797,0.27412790083915717,1.650936218628493,15.850000381469727,crypto_native,n/a,transition
2023-08-11,0.4249597710267116,0.26051188154125143,1.7048747637062989,14.84000015258789,crypto_native,n/a,transition
2023-08-14,0.4364912322313893,0.2772675782208179,1.5324844703539275,14.819999694824219,crypto_native,n/a,transition
2023-08-15,0.4842133278624876,0.2912242713092474,1.352366081131681,16.459999084472656,crypto_native,n/a,transition
2023-08-16,0.5094757398708775,0.31755356714346294,1.9782645394833596,16.780000686645508,crypto_native,n/a,transition
2023-08-17,0.4145361292877353,0.3499956234134565,4.428975209006691,17.889999389648438,crypto_native,n/a,transition
2023-08-18,0.3675994390479752,0.36391942817668205,4.399832913458176,17.299999237060547,transition,n/a,transition
2023-08-21,0.3755864074631645,0.3554641173540983,3.7674238364552255,17.1299991607666,transition,n/a,transition
2023-08-22,0.3628355297022625,0.33853612558808716,3.743316354535766,16.969999313354492,crypto_native,n/a,transition
2023-08-23,0.4509893434977969,0.3919648598771355,3.4155546480437042,15.979999542236328,transition,n/a,transition
2023-08-24,0.43252894489616,0.3214952724354086,3.243909818065373,17.200000762939453,crypto_native,n/a,transition
2023-08-25,0.40045025432158426,0.33454520810056254,3.2314563368695604,15.680000305175781,crypto_native_bypass,n/a,transition
2023-08-28,0.4871629622275993,0.34018985972877197,1.3970739000705816,15.079999923706055,crypto_native,n/a,transition
2023-08-29,0.6502728817288946,0.49416152985054085,2.5908800887516295,14.449999809265137,transition,n/a,transition
2023-08-30,0.6324588340571374,0.4744202480616204,2.762419800402835,13.880000114440918,transition,n/a,transition
2023-08-31,0.6133528159696845,0.45552116600459025,3.673339689937006,13.569999694824219,crypto_native_bypass,n/a,transition
2023-09-01,0.6062197114241575,0.4552292699584941,3.8195803514227347,13.09000015258789,crypto_native_bypass,n/a,transition
2023-09-05,0.6438588099852693,0.48825479931874377,5.39379442033331,14.010000228881836,crypto_native_bypass,n/a,transition
2023-09-06,0.6067810809920621,0.4751744760738686,4.601348866890931,14.449999809265137,crypto_native_bypass,n/a,transition
2023-09-07,0.4811419921719801,0.45394029674472425,4.770412271543655,14.399999618530273,crypto_native_bypass,n/a,transition
2023-09-08,0.4785052350358911,0.45149591268715206,5.59673873481979,13.84000015258789,transition,n/a,transition
2023-09-11,0.4085682009394401,0.400534516894034,4.891229635185435,13.800000190734863,transition,n/a,transition
2023-09-12,0.3024716275894542,0.35287852087357335,3.6452537444053448,14.229999542236328,transition,n/a,transition
2023-09-13,0.26129368121106306,0.3683840767956856,3.833272311832092,13.479999542236328,transition,n/a,transition
2023-09-14,0.26739280335305093,0.36972195045773826,3.1763450308549963,12.819999694824219,transition,n/a,transition
2023-09-15,0.2379131833480959,0.3399929094329054,2.5987780409899113,13.789999961853027,crypto_native,n/a,transition
2023-09-18,0.24728175146885897,0.34297850998948404,2.51017476904661,14.0,crypto_native,n/a,transition
2023-09-19,-0.2273619241161676,0.328111169569914,2.357076051040676,14.109999656677246,crypto_native,n/a,transition
2023-09-20,-0.15703781064977673,0.34327859461207166,1.3741512750968674,15.140000343322754,crypto_native,n/a,transition
2023-09-21,0.08200080397219787,0.3677899843870782,1.5064555897293028,17.540000915527344,transition,n/a,transition
2023-09-22,0.10940851277246769,0.3670378619648739,1.4542115859980589,17.200000762939453,transition,n/a,transition
2023-09-25,0.09713503756196908,0.36878028870802726,1.558623181433746,16.899999618530273,transition,n/a,transition
2023-09-26,0.12348329842294342,0.34506586334567746,1.4770069568233115,18.940000534057617,crypto_native,n/a,transition
2023-09-27,0.13762664069961517,0.3477042942171122,1.449791112123199,18.219999313354492,crypto_native,n/a,transition
2023-09-28,0.2884927340876871,0.35969098874309496,1.5177745985541045,17.34000015258789,transition,n/a,transition
2023-09-29,0.6045935509959123,0.3263579851519894,1.5649939773375743,17.520000457763672,crypto_native,n/a,transition
2023-10-02,0.6070059951690288,0.3305009872501928,1.8635116997462853,17.610000610351562,crypto_native,n/a,transition
2023-10-03,0.5956129621788226,0.33976022574936054,1.5382303874515924,19.780000686645508,crypto_native,n/a,transition
2023-10-04,0.6052079646741185,0.35338849375772297,1.5190813928265074,18.579999923706055,transition,n/a,transition
2023-10-05,0.5837801910158295,0.32864942875091463,2.101399024557963,18.489999771118164,crypto_native,n/a,transition
2023-10-06,0.6464131878897096,0.3459170393074896,1.935685389428592,17.450000762939453,crypto_native,n/a,transition
2023-10-09,0.5720528871532315,0.33187924637487864,1.6286201013573296,17.700000762939453,crypto_native,n/a,transition
2023-10-10,0.5405847242071086,0.32241929171140354,1.655627224548,17.030000686645508,crypto_native,n/a,transition
2023-10-11,0.32532061650703553,0.11910226841087725,1.7190437795576885,16.09000015258789,crypto_native,n/a,crypto_native
2023-10-12,0.33639632624970434,0.14442673526993732,2.39743955732025,16.690000534057617,crypto_native,n/a,crypto_native
2023-10-13,0.3040496658127917,0.16360672127285034,1.9757010620960087,19.31999969482422,crypto_native,n/a,crypto_native
2023-10-16,0.4749028539679638,0.29498009483201715,3.308891970271375,17.209999084472656,crypto_native,n/a,transition
2023-10-17,0.4814609024268034,0.2907589917771693,3.6231392115024925,17.8799991607666,crypto_native,n/a,transition
2023-10-18,0.4208365105254758,0.29296368581601656,2.6575906810338226,19.219999313354492,crypto_native,n/a,transition
2023-10-19,0.33348826921302255,0.27757752150982357,2.6517908546550673,21.399999618530273,crypto_native,n/a,transition
2023-10-20,0.13563308849877137,0.184928426727268,2.5189254407302037,21.709999084472656,crypto_native,n/a,crypto_native
2023-10-23,0.01571462178362602,0.19109183476663447,4.411899321627638,20.3700008392334,crypto_native_bypass,n/a,crypto_native
2023-10-24,0.04002937094972872,0.22902030286469793,3.763689867784742,18.969999313354492,crypto_native_bypass,n/a,transition
2023-10-25,0.01851791641420397,0.19426998804523835,4.208278239867084,20.190000534057617,crypto_native_bypass,n/a,crypto_native
2023-10-26,0.06570216377915748,0.21392784716942767,4.470026618137941,20.68000030517578,crypto_native_bypass,n/a,transition
2023-10-27,0.1538413611765494,0.21559038986121282,4.74620066665976,21.270000457763672,crypto_native_bypass,n/a,transition
2023-10-30,0.12951793995350416,0.18605748659113855,3.6346106292190106,19.75,crypto_native_bypass,n/a,crypto_native
2023-10-31,0.17814810093234223,0.18195325169364995,3.7300805344233026,18.139999389648438,crypto_native_bypass,n/a,crypto_native
2023-11-01,0.16823953013832182,0.1968042974791375,1.2951768746831456,16.8700008392334,crypto_native,n/a,crypto_native
2023-11-02,-0.010839782823472114,0.057466456568349575,1.084893244805666,15.65999984741211,crypto_native,n/a,crypto_native
2023-11-03,-0.14902370123552125,0.03537524126583209,1.148709878059321,14.90999984741211,crypto_native,n/a,crypto_native
2023-11-06,-0.15507581041671922,0.0367982876417151,1.5229946288467568,14.890000343322754,crypto_native,n/a,crypto_native
2023-11-07,-0.22645664057441456,0.015048965752916163,2.0363048040413347,14.8100004196167,crypto_native,n/a,crypto_native
2023-11-08,-0.23170952336721276,0.014819130951657537,1.8787674741574178,14.449999809265137,crypto_native,n/a,crypto_native
2023-11-09,-0.20523424516082917,-0.03142872429020273,1.7760862982611758,15.289999961853027,crypto_native,n/a,crypto_native
2023-11-10,-0.13003862709351535,-0.015073747618490375,1.5594759291003137,14.170000076293945,crypto_native,n/a,crypto_native
2023-11-13,-0.13111410818997435,-0.011964148164683839,1.9434545061407775,14.760000228881836,crypto_native,n/a,crypto_native
2023-11-14,-0.20230468832497742,-0.12747953806200765,2.000431183573072,14.15999984741211,crypto_native,n/a,crypto_native
2023-11-15,-0.3517904254003685,-0.12531335303731697,3.1234782006561748,14.180000305175781,crypto_native_bypass,n/a,crypto_native
2023-11-16,-0.26983691569422896,-0.1227701351469099,3.8802506696136354,14.319999694824219,crypto_native_bypass,n/a,crypto_native
2023-11-17,-0.27608203848528695,-0.1412722346596535,3.90019972613791,13.800000190734863,crypto_native_bypass,n/a,crypto_native
2023-11-20,-0.27682982967400926,-0.13335447047799873,4.547411042032617,13.40999984741211,crypto_native_bypass,n/a,crypto_native
2023-11-21,-0.16967666452083846,-0.09566766319022955,5.345487791103338,13.350000381469727,crypto_native_bypass,n/a,crypto_native
2023-11-22,-0.10904211540741378,-0.0720567816759039,6.219529403706304,12.850000381469727,crypto_native_bypass,n/a,crypto_native
2023-11-24,-0.09893111320812165,-0.08691766353398508,14.009387736596834,12.460000038146973,crypto_native_bypass,n/a,crypto_native
2023-11-27,-0.08052685621071332,-0.08466967567905428,9.831561375956351,12.6899995803833,crypto_native_bypass,n/a,crypto_native
2023-11-28,-0.08742504001616133,-0.1387742770105613,8.146157324161024,12.6899995803833,crypto_native_bypass,n/a,crypto_native
2023-11-29,-0.08113505947671779,-0.13892554866180015,7.801909611446558,12.979999542236328,crypto_native_bypass,n/a,crypto_native
2023-11-30,0.02127840639115366,-0.17416719176619042,10.76092152324319,12.920000076293945,crypto_native_bypass,n/a,crypto_native
2023-12-01,-0.030429104075749846,-0.15985967257611883,6.269033939201837,12.630000114440918,crypto_native,n/a,crypto_native
2023-12-04,-0.2010251629625896,-0.15633878936078804,5.209245561375648,13.079999923706055,crypto_native,n/a,crypto_native
2023-12-05,0.02273758006743345,-0.13688722696708544,6.301183849907066,12.850000381469727,crypto_native,n/a,crypto_native
2023-12-06,0.05758200396408734,-0.13492729868838418,5.965961431910623,12.970000267028809,crypto_native,n/a,crypto_native
2023-12-07,-0.027982473035432005,-0.12429682095202765,5.221010266127095,13.0600004196167,crypto_native,n/a,crypto_native
2023-12-08,-0.007866851110313638,-0.18211592644353528,5.04038307592317,12.350000381469727,crypto_native,n/a,crypto_native
2023-12-11,-0.09501905820763719,-0.1928152428535694,7.61324927343907,12.630000114440918,crypto_native_bypass,n/a,crypto_native
2023-12-12,-0.23921018651241072,-0.18906376378986878,7.715678404741865,12.069999694824219,crypto_native_bypass,n/a,crypto_native
2023-12-13,-0.07050713033027263,-0.12660933805535163,6.306772985765569,12.1899995803833,crypto_native_bypass,n/a,crypto_native
2023-12-14,-0.06849283747628729,-0.1499499762587725,5.6072527985758045,12.479999542236328,crypto_native,n/a,crypto_native
2023-12-15,-0.0527398994543505,-0.0818265314600176,7.085590505286842,12.279999732971191,crypto_native,n/a,crypto_native
2023-12-18,-0.022493757954437248,-0.05900962175311603,7.940723379482303,12.5600004196167,crypto_native_bypass,n/a,crypto_native
2023-12-19,-0.060392328784722026,-0.06879048570130718,7.694906266328167,12.529999732971191,crypto_native,n/a,crypto_native
2023-12-20,-0.19038353221468882,-0.14013699075056898,2.6580820627417,13.670000076293945,crypto_native,n/a,crypto_native
2023-12-21,-0.21829849481765626,-0.1391542593488597,2.513374066767378,13.649999618530273,crypto_native,n/a,crypto_native
2023-12-22,-0.10908247828923116,-0.10095990214750489,2.5814279276957435,13.029999732971191,crypto_native,n/a,crypto_native
2023-12-26,-0.05962517677143964,-0.14461953601809951,2.9599037650029154,12.989999771118164,crypto_native,n/a,crypto_native
2023-12-27,-0.10701812920770357,-0.16320027794929165,2.659500806991984,12.430000305175781,crypto_native,n/a,crypto_native
2023-12-28,-0.05460579898716672,-0.05740801076725546,2.6475742201605392,12.470000267028809,crypto_native,n/a,crypto_native
2023-12-29,-0.03441637461883861,-0.03513545080923011,2.7507047336242105,12.449999809265137,crypto_native,n/a,crypto_native
2024-01-02,-0.052957731937722886,-0.0691616522392347,3.5458885161348843,13.199999809265137,crypto_native,n/a,crypto_native
2024-01-03,0.1573175584656477,0.05018128909713698,5.627650080404209,14.039999961853027,crypto_native,n/a,crypto_native
2024-01-04,-0.0930683947144868,0.02409513851346555,6.777901243065293,14.130000114440918,crypto_native,n/a,crypto_native
2024-01-05,-0.0983605910806713,-0.011952172874613094,7.335229913428048,13.350000381469727,crypto_native,n/a,crypto_native
2024-01-08,0.23923883631871617,0.12650854038110468,5.147809553496703,13.079999923706055,crypto_native_bypass,n/a,crypto_native
2024-01-09,0.22170532723912023,0.13961817225433157,5.13548887695181,12.760000228881836,crypto_native_bypass,n/a,crypto_native
2024-01-10,0.2611814264163912,0.13534914487873054,4.818488382492178,12.6899995803833,crypto_native_bypass,n/a,crypto_native
2024-01-11,0.5493241284671034,0.14148048287466414,5.133955049082424,12.4399995803833,crypto_native_bypass,n/a,crypto_native
2024-01-12,0.4646815849514027,0.13592524784530532,7.628123385095578,12.699999809265137,crypto_native_bypass,n/a,crypto_native
2024-01-16,0.4172455063148018,0.1257713142924279,7.331833826096016,13.84000015258789,crypto_native_bypass,n/a,crypto_native
2024-01-17,0.4726171377815894,0.1213279039457202,6.540369274038144,14.789999961853027,crypto_native_bypass,n/a,crypto_native
2024-01-18,0.31036628104284975,0.13221835645144692,6.2703608783050395,14.130000114440918,crypto_native,n/a,crypto_native
2024-01-19,0.32423269145267364,0.17114352059023605,5.054682097593786,13.300000190734863,crypto_native,n/a,crypto_native
2024-01-22,0.28575053941496853,0.16031424248198115,5.262175958783353,13.1899995803833,crypto_native,n/a,crypto_native
2024-01-23,0.36584226835238115,0.1716183325961201,5.590470966807742,12.550000190734863,crypto_native_bypass,n/a,crypto_native
2024-01-24,0.25969933466166806,0.16272642081860747,3.9621443973221653,13.140000343322754,crypto_native,n/a,crypto_native
2024-01-25,0.37038492621982533,0.19383587179688608,4.031101841105103,13.449999809265137,crypto_native,n/a,crypto_native
2024-01-26,0.27213832685981554,0.16231510130905402,6.9018862305022886,13.260000228881836,crypto_native,n/a,crypto_native
2024-01-29,0.04919510838520745,0.12677896139318837,6.799536345108247,13.600000381469727,crypto_native,n/a,crypto_native
2024-01-30,0.02962418764803686,0.12861829884419995,10.030142805683507,13.3100004196167,crypto_native,n/a,crypto_native
2024-01-31,0.01919945735370941,0.13404236403321498,2.66752512527477,14.350000381469727,crypto_native,n/a,crypto_native
2024-02-01,0.07707210643267873,0.13533776305183168,2.271405476208848,13.880000114440918,crypto_native,n/a,crypto_native
2024-02-02,0.06861145245717785,0.1429238355923324,2.132900939398121,13.850000381469727,crypto_native,n/a,crypto_native
2024-02-05,0.10471825526846927,0.25323597715728846,2.052881923327784,13.670000076293945,crypto_native,n/a,transition
2024-02-06,0.06987893007107997,0.2520314747495694,1.3295574219549853,13.0600004196167,crypto_native,n/a,transition
2024-02-07,0.2340478422368644,0.27772257369061654,1.2857084635476184,12.829999923706055,crypto_native,n/a,transition
2024-02-08,0.218105318250795,0.2879147272178285,1.2747226933534146,12.789999961853027,crypto_native,n/a,transition
2024-02-09,0.33582388359395504,0.30809578509953384,2.5019277687710155,12.930000305175781,crypto_native,n/a,transition
2024-02-12,0.2808977398579492,0.28590855152945616,3.0313180121346446,13.930000305175781,crypto_native,n/a,transition
2024-02-13,0.37501747468909286,0.2746019020874129,2.3396497578637825,15.850000381469727,crypto_native,n/a,transition
2024-02-14,0.48631230361023486,0.3284833792520013,2.1265015174591633,14.380000114440918,crypto_native,n/a,transition
2024-02-15,0.533174326938265,0.2639821120640002,2.2510687724611995,14.010000228881836,crypto_native,n/a,transition
2024-02-16,0.5245831745771687,0.2915341345507186,2.4330778903099795,14.239999771118164,crypto_native,n/a,transition
2024-02-20,0.5392592261845328,0.27964171653260533,2.3698341340120606,15.420000076293945,crypto_native,n/a,transition
2024-02-21,0.39524847504903443,0.17530920690643895,2.4388477064053506,15.34000015258789,crypto_native,n/a,crypto_native
2024-02-22,0.10100239894660218,0.09966910400151689,1.5264225448974553,14.539999961853027,crypto_native,n/a,crypto_native
2024-02-23,0.1604140362722921,0.09963943205198408,1.9662788074686508,13.75,crypto_native,n/a,crypto_native
2024-02-26,0.017251757076917628,0.043842726272692506,2.3910637727047517,13.739999771118164,crypto_native,n/a,crypto_native
2024-02-27,0.016483447040107586,0.02934590645481367,2.9326585218514656,13.430000305175781,crypto_native,n/a,crypto_native
2024-02-28,-0.07466229588333179,-0.018193289194700424,4.470337726134618,13.84000015258789,crypto_native_bypass,n/a,crypto_native
2024-02-29,-0.1174222256328356,-0.06023242539691336,5.250562984438093,13.399999618530273,crypto_native_bypass,n/a,crypto_native
2024-03-01,-0.14148909929807255,-0.004878527188867724,4.971287108312179,13.109999656677246,crypto_native_bypass,n/a,crypto_native
2024-03-04,-0.15921443935877627,-0.030301751318122332,10.353992250533617,13.489999771118164,crypto_native_bypass,n/a,crypto_native
2024-03-05,0.018305940382899847,0.12188950328101854,9.416217731196241,14.460000038146973,crypto_native_bypass,n/a,crypto_native
2024-03-06,-0.012418131629003803,0.13238715211243188,9.156110128628802,14.5,crypto_native_bypass,n/a,crypto_native
2024-03-07,-0.006006923041277322,0.12455464023950767,7.838409389786713,14.4399995803833,crypto_native_bypass,n/a,crypto_native
2024-03-08,-0.03151811161844014,0.12840132253122657,5.9775062424313745,14.739999771118164,crypto_native_bypass,n/a,crypto_native
2024-03-11,-0.06656709805691252,0.12742266006739622,5.952183771232492,15.220000267028809,crypto_native_bypass,n/a,crypto_native
2024-03-12,-0.12761694326949968,0.08110776387096003,5.688988770185958,13.84000015258789,crypto_native_bypass,n/a,crypto_native
2024-03-13,0.007851445479343747,0.07140132120242967,4.618844463684072,13.75,crypto_native,n/a,crypto_native
2024-03-14,0.05173788264122753,0.038130879231791495,3.458897409468186,14.399999618530273,crypto_native,n/a,crypto_native
2024-03-15,0.18452913131031787,0.09486064527109495,3.589291307541549,14.40999984741211,crypto_native,n/a,crypto_native
2024-03-18,0.13552179370405656,0.09240267248340422,4.096510021650779,14.329999923706055,crypto_native,n/a,crypto_native
2024-03-19,0.09093855037495403,0.020421266750126375,6.634010568455516,13.819999694824219,crypto_native_bypass,n/a,crypto_native
2024-03-20,0.23905970829324338,0.0864864467326036,8.185093410159599,13.039999961853027,crypto_native_bypass,n/a,crypto_native
2024-03-21,0.20475894808960104,0.06514060572540743,9.880014740096337,12.920000076293945,crypto_native_bypass,n/a,crypto_native
2024-03-22,0.29248350455559,0.07811328308857877,9.667540784643647,13.0600004196167,crypto_native_bypass,n/a,crypto_native
2024-03-25,0.05754662149786177,0.04808907649024076,10.323267977788646,13.1899995803833,crypto_native_bypass,n/a,crypto_native
2024-03-26,0.026091168577264207,0.058352711975499724,11.90693769560876,13.239999771118164,crypto_native_bypass,n/a,crypto_native
2024-03-27,-0.023105665660389733,0.023622650760754947,11.03496832196184,12.779999732971191,crypto_native_bypass,n/a,crypto_native
2024-03-28,0.028329520631900047,-0.008379923183452202,8.71402901834952,13.010000228881836,crypto_native,n/a,crypto_native
2024-04-01,0.10058691475037854,0.00814259284971686,6.384120541597264,13.649999618530273,crypto_native,n/a,crypto_native
2024-04-02,0.25461128282174705,0.07652241274719793,6.777809212471422,14.609999656677246,crypto_native,n/a,crypto_native
2024-04-03,0.29044740209850106,0.08244867424491753,6.603711868746543,14.329999923706055,crypto_native,n/a,crypto_native
2024-04-04,0.06256934975482895,0.027183740259620358,4.830078133407817,16.350000381469727,crypto_native,n/a,crypto_native
2024-04-05,0.006411744626961403,0.05183783086857166,3.9102841368259913,16.030000686645508,crypto_native,n/a,crypto_native
2024-04-08,0.006530920607804137,0.047245357379176026,4.795214782240518,15.1899995803833,crypto_native,n/a,crypto_native
2024-04-09,0.13244658971550127,0.07151275288721036,4.943051012443867,14.979999542236328,crypto_native,n/a,crypto_native
2024-04-10,-0.23763065016988422,0.043957374452787364,4.624220626994789,15.800000190734863,crypto_native,n/a,crypto_native
2024-04-11,-0.2019674783698864,0.06500550770911556,3.0901559019055784,14.90999984741211,crypto_native,n/a,crypto_native
2024-04-12,0.006040301352467585,0.14768000126083836,3.178220654005123,17.309999465942383,crypto_native,n/a,crypto_native
2024-04-15,0.1239211327034885,0.1713026559452783,2.922381391794752,19.229999542236328,crypto_native,n/a,crypto_native
2024-04-16,0.12531298396894766,0.18927541225229103,3.705900308562129,18.399999618530273,crypto_native,n/a,crypto_native
2024-04-17,0.1595788148107861,0.14296461929550347,3.240307091236278,18.209999084472656,crypto_native,n/a,crypto_native
2024-04-18,0.13119860820286466,0.10662943720188914,4.213287375035703,18.0,crypto_native,n/a,crypto_native
2024-04-19,0.11734163491660911,0.07639883647017504,3.9801833036398997,18.709999084472656,crypto_native,n/a,crypto_native
2024-04-22,0.16683273824075467,0.13287039007907858,4.271725955457363,16.940000534057617,crypto_native,n/a,crypto_native
2024-04-23,0.11746163227555852,0.12999320993801644,3.317396319809627,15.6899995803833,crypto_native,n/a,crypto_native
2024-04-24,0.25493693133447537,0.1376378629949935,3.8292081103885813,15.970000267028809,crypto_native,n/a,crypto_native
2024-04-25,0.2883980503055373,0.1381153554117635,3.722898335098774,15.369999885559082,crypto_native,n/a,crypto_native
2024-04-26,0.24770180329275585,0.12128031838041087,2.919118509347139,15.029999732971191,crypto_native,n/a,crypto_native
2024-04-29,0.31089949773683967,0.11090086095667331,2.471331275585323,14.670000076293945,crypto_native,n/a,crypto_native
2024-04-30,0.5360035667170325,0.1940596996569347,2.7587318762417854,15.649999618530273,crypto_native,n/a,crypto_native
2024-05-01,0.5380346257994106,0.2939487440831253,2.481668196075663,15.390000343322754,crypto_native,n/a,transition
2024-05-02,0.5168878521185731,0.22670085750311128,2.9599167877904695,14.680000305175781,crypto_native,n/a,transition
2024-05-03,0.5684995751371364,0.3439129098351649,3.7164918011074533,13.489999771118164,crypto_native,n/a,transition
2024-05-06,0.5267552971179703,0.3187483086101444,3.71525440014306,13.489999771118164,crypto_native,n/a,transition
2024-05-07,0.486363247483972,0.34556257274076657,3.8711453388095136,13.229999542236328,crypto_native,n/a,transition
2024-05-08,0.5832051982482459,0.34703705649855554,3.818344576942526,13.0,crypto_native,n/a,transition
2024-05-09,0.6564583759677133,0.371922096213951,5.846006626933182,12.6899995803833,transition,n/a,transition
2024-05-10,0.6276769383143875,0.3566378913903318,6.848400980058506,12.550000190734863,transition,n/a,transition
2024-05-13,0.6121459634517472,0.3489035862127198,6.718449621221844,13.600000381469727,crypto_native,n/a,transition
2024-05-14,0.5892706730127943,0.2983068106975203,6.531114547464211,13.420000076293945,crypto_native,n/a,transition
2024-05-15,0.6724022264303668,0.368119205384846,9.263700188949965,12.449999809265137,transition,n/a,transition
2024-05-16,0.7271683146309442,0.46947395234301603,8.383353658620013,12.420000076293945,transition,n/a,transition
2024-05-17,0.7021391110995784,0.4887386931522075,8.412676578016303,11.989999771118164,transition,n/a,transition
2024-05-20,0.4901418521253489,0.4612562341948607,9.964107392255771,12.149999618530273,transition,n/a,transition
2024-05-21,0.4128704137463513,0.4662799301625219,9.287492827224273,11.859999656677246,transition,n/a,transition
2024-05-22,0.45634743903801306,0.5165738281571356,9.027464502472919,12.289999961853027,equity_coupled,momentum_driven,equity_coupled
2024-05-23,0.3581178252270121,0.5353210328972001,7.337661698388259,12.770000457763672,equity_coupled,momentum_driven,equity_coupled
2024-05-24,0.4746605334854103,0.499658355119074,7.679972114536999,11.930000305175781,transition,n/a,transition
2024-05-28,0.48300879777557815,0.4670504161357366,7.832610775804459,12.920000076293945,transition,n/a,transition
2024-05-29,0.47971405356864566,0.473395518453992,6.464498549802689,14.279999732971191,transition,n/a,transition
2024-05-30,0.41056251325541465,0.42705146791924364,2.324113798066491,14.470000267028809,transition,n/a,transition
2024-05-31,0.36535794452844483,0.435714759483622,1.8606541945201773,12.920000076293945,transition,n/a,transition
2024-06-03,0.37691621832893146,0.45839453188551116,2.1805136239694547,13.109999656677246,transition,n/a,transition
2024-06-04,0.449488681304763,0.4347176326145705,2.7597257732346296,13.15999984741211,transition,n/a,transition
2024-06-05,0.1664392587886429,0.4584976863397751,2.325041711894934,12.630000114440918,transition,n/a,transition
2024-06-06,0.14486058862216455,0.4606923598759016,2.067204368097468,12.579999923706055,transition,n/a,transition
2024-06-07,0.16076947304646869,0.47529974816443776,2.7465003523108162,12.220000267028809,transition,n/a,transition
2024-06-10,0.25844178882755886,0.5098810625478605,3.364793336736134,12.739999771118164,transition,n/a,equity_coupled
2024-06-11,0.21036523117993833,0.4923158608114412,4.649737616086647,12.850000381469727,transition,n/a,transition
2024-06-12,0.2603423293114855,0.4095053670866024,4.149849598722748,12.039999961853027,transition,n/a,transition
2024-06-13,0.15679423156614908,0.3726134341867697,3.5591502054437325,11.9399995803833,transition,n/a,transition
2024-06-14,0.12475069641863924,0.37161859969554856,4.644143270896276,12.65999984741211,transition,n/a,transition
2024-06-17,0.11119359351791845,0.25925050742761374,4.168198766666543,12.75,crypto_native,n/a,transition
2024-06-18,0.056942677728846876,0.2986736440450382,4.814354452005465,12.300000190734863,crypto_native,n/a,transition
2024-06-20,0.21306061676059443,0.29651882193534573,3.8549315743241412,13.279999732971191,crypto_native,n/a,transition
2024-06-21,0.29824942759798173,0.2979333497952985,2.8365410482170694,13.199999809265137,crypto_native,n/a,transition
2024-06-24,0.47450503199912913,0.31577698746855,4.123370325500893,13.329999923706055,crypto_native,n/a,transition
2024-06-25,0.5518005595832562,0.336466905972085,5.540534690446129,12.84000015258789,crypto_native,n/a,transition
2024-06-26,0.5164635325496691,0.35116709213347364,5.632184556125688,12.550000190734863,transition,n/a,transition
2024-06-27,0.4842282772508979,0.3722177819336599,8.805105388025304,12.239999771118164,transition,n/a,transition
2024-06-28,0.48736630446437496,0.2353204943462526,8.14139520498047,12.4399995803833,crypto_native,n/a,transition
2024-07-01,0.48903366120738645,0.22755262306311735,7.925586029719904,12.220000267028809,crypto_native,n/a,transition
2024-07-02,0.4961427204291983,0.21308753912030656,6.520013571926385,12.029999732971191,crypto_native,n/a,transition
2024-07-03,0.27784580375561496,0.24963298108601487,5.87440557354952,12.09000015258789,crypto_native,n/a,transition
2024-07-05,0.30203644874215796,0.25653745696448116,4.140064106507052,12.479999542236328,crypto_native,n/a,transition
2024-07-08,0.26023285807592966,0.23434500793846683,4.779689003061697,12.369999885559082,crypto_native,n/a,transition
2024-07-09,0.20507034535387716,0.18140893667536323,5.331760661738706,12.510000228881836,crypto_native,n/a,crypto_native
2024-07-10,0.1911349868782415,0.14830562826729382,5.352623956344241,12.850000381469727,crypto_native,n/a,crypto_native
2024-07-11,0.18313882297894024,0.1381521224115735,2.9182791662183796,12.920000076293945,crypto_native,n/a,crypto_native
2024-07-12,0.20506516615494413,0.14221210211195395,2.9399925155822912,12.460000038146973,crypto_native,n/a,crypto_native
2024-07-15,0.04432353525617301,0.18140236646832666,4.2958154277326495,13.119999885559082,crypto_native,n/a,crypto_native
2024-07-16,0.02315100320840339,0.21476436307733995,4.0769948235511375,13.1899995803833,crypto_native,n/a,transition
2024-07-17,0.1566177941154243,0.245994863643143,3.0930399115535683,14.479999542236328,crypto_native,n/a,transition
2024-07-18,0.1665366368341455,0.23938089031285092,2.891290396128708,15.930000305175781,crypto_native,n/a,transition
2024-07-19,-0.031246445489881345,0.08980963937954954,3.6041277872967123,16.520000457763672,crypto_native,n/a,crypto_native
2024-07-22,-0.0825978423858888,0.06983205183112838,3.194417113064055,14.90999984741211,crypto_native,n/a,crypto_native
2024-07-23,-0.014605036845678767,0.07488988956324333,3.7325010480740617,14.720000267028809,crypto_native,n/a,crypto_native
2024-07-24,0.15441874790717072,0.08626817057064205,1.8234442864679932,18.040000915527344,crypto_native,n/a,crypto_native
2024-07-25,0.1875827630522615,0.09319880181166224,2.0366804357382615,18.459999084472656,crypto_native,n/a,crypto_native
2024-07-26,0.2604676710228845,0.13777491532161337,1.9979996111806697,16.389999389648438,crypto_native,n/a,crypto_native
2024-07-29,0.22313434024266562,0.1446892404519536,2.18296633973742,16.600000381469727,crypto_native,n/a,crypto_native
2024-07-30,0.28171545603618686,0.1511019078486906,1.6365236723522893,17.690000534057617,crypto_native,n/a,crypto_native
2024-07-31,0.09342536217571208,0.07521653897519354,1.616632190721642,16.360000610351562,crypto_native,n/a,crypto_native
2024-08-01,0.051948586896454534,0.0489847186254177,1.462233383417212,18.59000015258789,crypto_native,n/a,crypto_native
2024-08-02,0.19751129929780395,0.2057043690102015,2.4499213423916477,23.389999389648438,crypto_native,n/a,transition
2024-08-05,0.42530085108028254,0.3919140412694471,2.284916983366736,38.56999969482422,transition,n/a,transition
2024-08-06,0.4927614906848706,0.4326343772726322,2.378774223393788,27.709999084472656,transition,n/a,transition
2024-08-07,0.5001448747560593,0.43078641580988664,2.4181969649471577,27.850000381469727,transition,n/a,transition
2024-08-08,0.6905614955105414,0.5562586415690584,3.2684433684070573,23.790000915527344,crypto_native_bypass,n/a,equity_coupled
2024-08-09,0.7028052441262226,0.5455354240955321,3.484365248891636,20.3700008392334,crypto_native_bypass,n/a,equity_coupled
2024-08-12,0.713540482682599,0.5436780448691438,3.5619322759643133,20.709999084472656,crypto_native_bypass,n/a,equity_coupled
2024-08-13,0.7511827698842084,0.5490614220186637,3.2775010808284835,18.1200008392334,crypto_native_bypass,n/a,equity_coupled
2024-08-14,0.7340351870769357,0.5410091524581288,4.774777066123963,16.190000534057617,crypto_native_bypass,n/a,equity_coupled
2024-08-15,0.6636174983415623,0.5159849862519251,4.637516673359771,15.229999542236328,crypto_native_bypass,n/a,equity_coupled
2024-08-16,0.6602454461313202,0.5212586576592579,5.492832531684385,14.800000190734863,crypto_native_bypass,n/a,equity_coupled
2024-08-19,0.6653656195421679,0.5256347429750925,3.3050452060397686,14.649999618530273,equity_coupled,momentum_driven,equity_coupled
2024-08-20,0.7356559143872309,0.5285338870946004,2.851202170843877,15.880000114440918,equity_coupled,momentum_driven,equity_coupled
2024-08-21,0.7813467412183975,0.5420568919011032,3.5309378832353446,16.270000457763672,equity_coupled,momentum_driven,equity_coupled
2024-08-22,0.7389612254686814,0.545128230875169,3.1254082525449514,17.549999237060547,equity_coupled,momentum_driven,equity_coupled
2024-08-23,0.6223300563205183,0.5628145984617763,3.3997569604049427,15.859999656677246,equity_coupled,momentum_driven,equity_coupled
2024-08-26,0.6376487856501543,0.5790546702590179,4.072264698591132,16.149999618530273,equity_coupled,momentum_driven,equity_coupled
2024-08-27,0.6092302714816358,0.5505460184523164,5.319372586731309,15.430000305175781,crypto_native_bypass,n/a,equity_coupled
2024-08-28,0.3570500175420515,0.5497191324492733,5.5757693485752,17.110000610351562,crypto_native_bypass,n/a,equity_coupled
2024-08-29,0.3563521495687387,0.5523419720464926,5.601380194182097,15.649999618530273,crypto_native_bypass,n/a,equity_coupled
2024-08-30,0.35246793292315987,0.5863400887339566,4.497206613158405,15.0,transition,n/a,equity_coupled
2024-09-03,0.3766528560099166,0.6058527249269702,3.244731008154817,20.719999313354492,transition,n/a,equity_coupled
2024-09-04,0.403129530645194,0.6054839187402661,2.3637470411690806,21.31999969482422,equity_coupled,neutral_coupled,equity_coupled
2024-09-05,0.561834534731844,0.6326057213989352,2.4434321572589712,19.899999618530273,equity_coupled,momentum_driven,equity_coupled
2024-09-06,0.6188645278376501,0.6547467916188634,1.8281777253232443,22.3799991607666,equity_coupled,neutral_coupled,equity_coupled
2024-09-09,0.6549243438265593,0.6568543608037276,2.2509392162740864,19.450000762939453,equity_coupled,momentum_driven,equity_coupled
2024-09-10,0.6616509762639413,0.6619957599050916,2.233231165355308,19.079999923706055,equity_coupled,momentum_driven,equity_coupled
2024-09-11,0.6223441282258524,0.6517333262929367,2.2163674358945746,17.690000534057617,equity_coupled,momentum_driven,equity_coupled
2024-09-12,0.6369534625605184,0.7010800778209068,2.7219099131028135,17.06999969482422,equity_coupled,momentum_driven,equity_coupled
2024-09-13,0.5898050983876562,0.7312259488016055,3.1506926973846023,16.559999465942383,equity_coupled,momentum_driven,equity_coupled
2024-09-16,0.5772617634386638,0.7004800785901633,2.998798933480196,17.139999389648438,equity_coupled,momentum_driven,equity_coupled
2024-09-17,0.6479106472506343,0.615800949159974,5.275306689636719,17.610000610351562,equity_coupled,momentum_driven,equity_coupled
2024-09-18,0.6076920288199045,0.5896537623260828,4.5386482344626735,18.229999542236328,equity_coupled,momentum_driven,equity_coupled
2024-09-19,0.6171929619034662,0.5793980727923937,3.0912947590604585,16.329999923706055,equity_coupled,momentum_driven,equity_coupled
2024-09-20,0.6597637687141137,0.46837729779063675,2.8535572915027045,16.149999618530273,transition,n/a,transition
2024-09-23,0.5824055472275859,0.47607272985227866,3.2002930301495707,15.890000343322754,transition,n/a,transition
2024-09-24,0.5892757538102666,0.4785419525687708,2.718202016461085,15.390000343322754,transition,n/a,transition
2024-09-25,0.5853011686874585,0.4705514893236057,2.6825341164272745,15.40999984741211,transition,n/a,transition
2024-09-26,0.27449959743401153,0.49469536210042675,2.5683224728444425,15.369999885559082,transition,n/a,transition
2024-09-27,0.1641655616787819,0.582850770600127,2.525542745984439,16.959999084472656,transition,n/a,equity_coupled
2024-09-30,0.11074351370957572,0.5442294127590108,7.982088917967116,16.729999542236328,transition,n/a,equity_coupled
2024-10-01,0.41832751254138817,0.5662702975802607,5.5324753856275475,19.260000228881836,equity_coupled,momentum_driven,equity_coupled
2024-10-02,0.4138262179470463,0.5648106513246922,5.701336912552152,18.899999618530273,equity_coupled,momentum_driven,equity_coupled
2024-10-03,0.3685545365012764,0.5614967507493834,5.594004634895464,20.489999771118164,equity_coupled,neutral_coupled,equity_coupled
2024-10-04,0.4240251457656979,0.5687275962572155,4.67514860274785,19.209999084472656,equity_coupled,momentum_driven,equity_coupled
2024-10-07,0.49270558623957805,0.528675746674494,3.369739761278218,22.639999389648438,equity_coupled,neutral_coupled,equity_coupled
2024-10-08,0.5302930268033146,0.5114752165889697,2.744236222630795,21.420000076293945,equity_coupled,neutral_coupled,equity_coupled
2024-10-09,0.3319736608854209,0.5234007474970854,2.4185543519977983,20.860000610351562,equity_coupled,neutral_coupled,equity_coupled
2024-10-10,0.3505956107784527,0.5217611899585637,1.961776088537325,20.93000030517578,equity_coupled,neutral_coupled,equity_coupled
2024-10-11,0.4108833551841435,0.5306429115219314,2.7876639729379975,20.459999084472656,equity_coupled,neutral_coupled,equity_coupled
2024-10-14,0.48040394475907156,0.5635434747713256,3.7550022279026845,19.700000762939453,equity_coupled,momentum_driven,equity_coupled
2024-10-15,0.37669428473453676,0.49350877017390804,3.339227653257034,20.639999389648438,transition,n/a,transition
2024-10-16,0.3654095965375916,0.499463445400084,4.07811071963647,19.579999923706055,transition,n/a,transition
2024-10-17,0.38009083003449984,0.48856409068858286,4.455476779120365,19.110000610351562,transition,n/a,transition
2024-10-18,0.4890344573170047,0.3799671327919682,3.6990377073558984,18.030000686645508,transition,n/a,transition
2024-10-21,0.3554350498053316,0.3504845449007646,4.511412636932421,18.3700008392334,transition,n/a,transition
2024-10-22,0.35485071526209533,0.3503400395522449,4.45526562337654,18.200000762939453,transition,n/a,transition
2024-10-23,0.4157984102050642,0.41511436560968884,2.7759202287768563,19.239999771118164,transition,n/a,transition
2024-10-24,0.37312895952277375,0.4079469349148067,3.6313323993347235,19.079999923706055,transition,n/a,transition
2024-10-25,0.337981065193795,0.38949030293726605,4.482176916087318,20.329999923706055,transition,n/a,transition
2024-10-28,0.417011860529926,0.3973904837729887,5.087297866337796,19.799999237060547,transition,n/a,transition
2024-10-29,0.6182584991095128,0.40552031670819855,6.482420844686229,19.34000015258789,transition,n/a,transition
2024-10-30,0.6237623893936655,0.43786021670090375,5.704756541225772,20.350000381469727,transition,n/a,transition
2024-10-31,0.6663781198345294,0.48774884093121185,3.507821485686507,23.15999984741211,transition,n/a,transition
2024-11-01,0.5229300623052505,0.47215774005106637,3.457376046879745,21.8799991607666,transition,n/a,transition
2024-11-04,0.6045360534000742,0.48358268391980563,3.374625952137259,21.979999542236328,transition,n/a,transition
2024-11-05,0.6388958388037278,0.5023930525643059,2.697386944699604,20.489999771118164,equity_coupled,neutral_coupled,equity_coupled
2024-11-06,0.8216887943654737,0.6563038594747899,2.937185861567627,16.270000457763672,crypto_native_bypass,n/a,equity_coupled
2024-11-07,0.8033141199986149,0.6493532784500599,2.7892764041524787,15.199999809265137,crypto_native_bypass,n/a,equity_coupled
2024-11-08,0.8114433736725528,0.6535742953831152,2.8239184658221808,14.9399995803833,equity_coupled,event_spike,equity_coupled
2024-11-11,0.6250354247772049,0.5841322720017754,4.985886717153061,14.970000267028809,crypto_native_bypass,n/a,equity_coupled
2024-11-12,0.6112962292878552,0.5569001609926523,4.579990658399769,14.710000038146973,crypto_native_bypass,n/a,equity_coupled
2024-11-13,0.6034506984222742,0.5481884810097478,4.3709998654410445,14.020000457763672,crypto_native_bypass,n/a,equity_coupled
2024-11-14,0.6363730014129162,0.5661610403198463,4.87189375758275,14.3100004196167,crypto_native_bypass,n/a,equity_coupled
2024-11-15,0.5064077654496884,0.46125528316235404,6.324452539680068,16.139999389648438,crypto_native_bypass,n/a,transition
2024-11-18,0.5028815042567424,0.44775057905582105,6.964607671486671,15.579999923706055,crypto_native_bypass,n/a,transition
2024-11-19,0.49605545030138337,0.47492243135141865,6.880442633074904,16.350000381469727,crypto_native_bypass,n/a,transition
2024-11-20,0.3947696576673173,0.5235650554816517,4.36559067092751,17.15999984741211,transition,n/a,equity_coupled
2024-11-21,0.42444716711931063,0.5280424260856672,4.135613548786418,16.8700008392334,equity_coupled,momentum_driven,equity_coupled
2024-11-22,0.3891898045975763,0.5156544753927278,3.9996771551065495,15.239999771118164,equity_coupled,momentum_driven,equity_coupled
2024-11-25,0.3482737490085478,0.4439305920298664,4.95008510604355,14.600000381469727,transition,n/a,transition
2024-11-26,-0.08245910841530645,0.43951150637493847,16.15154629173366,14.100000381469727,transition,n/a,transition
2024-11-27,-0.10832622212951028,0.40973758802863774,9.928104751923438,14.100000381469727,transition,n/a,transition
2024-11-29,-0.09028294083437757,0.41108572938306487,9.438716158583357,13.510000228881836,transition,n/a,transition
2024-12-02,-0.15765396456459949,0.4014154414853079,10.204718017315773,13.34000015258789,transition,n/a,transition
2024-12-03,-0.1900667448834973,0.3964694633480661,8.909134177378109,13.300000190734863,transition,n/a,transition
2024-12-04,-0.1279754200169998,0.401748337948986,8.831664869970657,13.449999809265137,transition,n/a,transition
2024-12-05,-0.27458566390155464,0.3887695117657455,6.145368912988841,13.539999961853027,transition,n/a,transition
2024-12-06,0.01883681016600112,0.38864674537628446,6.818580363919674,12.770000457763672,transition,n/a,transition
2024-12-09,0.2772071863445241,0.4174944886285734,6.378035132583214,14.1899995803833,transition,n/a,transition
2024-12-10,0.28093215319775744,0.42256066662863245,6.46461979096717,14.180000305175781,transition,n/a,transition
2024-12-11,0.411475345047506,0.44487186404280904,6.14309161720328,13.579999923706055,transition,n/a,transition
2024-12-12,0.3796739117137052,0.4498388514861393,5.668659658488425,13.920000076293945,transition,n/a,transition
2024-12-13,0.3677249934403609,0.400998726486881,6.130332285944316,13.8100004196167,transition,n/a,transition
2024-12-16,0.5200291526772584,0.4128016691626031,5.50655660473553,14.6899995803833,transition,n/a,transition
2024-12-17,0.6193009823054585,0.40582982204365114,4.995993103271222,15.869999885559082,transition,n/a,transition
2024-12-18,0.8365767306163852,0.5288556231023723,2.6320599125488586,27.6200008392334,equity_coupled,neutral_coupled,equity_coupled
2024-12-19,0.7995422353942586,0.39831564899295674,2.732158602091066,24.09000015258789,transition,n/a,transition
2024-12-20,0.7877456559184312,0.3877876051630067,2.076534771994849,18.360000610351562,transition,n/a,transition
2024-12-23,0.7590192065054308,0.37041022809505153,1.986396592440455,16.780000686645508,transition,n/a,transition
2024-12-24,0.7779717781476997,0.455209490862873,2.2323926996861054,14.270000457763672,transition,n/a,transition
2024-12-26,0.7469415440006552,0.44184419795359287,2.2885334911440793,14.729999542236328,transition,n/a,transition
2024-12-27,0.7635845515370961,0.46109799937818086,2.1778118942940474,15.949999809265137,transition,n/a,transition
2024-12-30,0.7595875374474184,0.44926182430141337,2.6649808010965224,17.399999618530273,transition,n/a,transition
2024-12-31,0.7456677951466751,0.5654081184150319,2.5097392783308923,17.350000381469727,equity_coupled,event_spike,equity_coupled
2025-01-02,0.6950525797532359,0.548329458418684,3.1328401025356083,17.93000030517578,equity_coupled,momentum_driven,equity_coupled
2025-01-03,0.6965056930130229,0.5400684260029199,2.7922623884370767,16.1299991607666,equity_coupled,momentum_driven,equity_coupled
2025-01-06,0.7016204146964825,0.5541573687129755,3.0041855816711562,16.040000915527344,equity_coupled,momentum_driven,equity_coupled
2025-01-07,0.7100075846360226,0.5815241280654015,3.2501081399920593,17.81999969482422,equity_coupled,momentum_driven,equity_coupled
2025-01-08,0.6982680804199296,0.571593290097027,3.5143803447518276,17.700000762939453,equity_coupled,momentum_driven,equity_coupled
2025-01-10,0.3684666796506702,0.5438266069396408,3.224347831295743,19.540000915527344,equity_coupled,momentum_driven,equity_coupled
2025-01-13,0.3777013335412037,0.5625451741435887,3.2199189746395698,19.190000534057617,equity_coupled,momentum_driven,equity_coupled
2025-01-14,0.4017927435423089,0.6035114030198995,3.1616024220392376,18.709999084472656,equity_coupled,momentum_driven,equity_coupled
2025-01-15,0.5332096507533053,0.6326028051974097,3.0332031056324484,16.1200008392334,equity_coupled,momentum_driven,equity_coupled
2025-01-16,0.47216268891935814,0.6441113084162653,2.8660791327718442,16.600000381469727,equity_coupled,momentum_driven,equity_coupled
2025-01-17,0.5819060533525799,0.6623387387737607,2.366882796664838,15.970000267028809,equity_coupled,momentum_driven,equity_coupled
2025-01-21,0.5751256034358184,0.6686715320408534,1.931648538918376,15.0600004196167,equity_coupled,momentum_driven,equity_coupled
2025-01-22,0.4615632032652352,0.6374252896340268,3.9963221432040283,15.100000381469727,equity_coupled,momentum_driven,equity_coupled
2025-01-23,0.4575524981984866,0.6386515777649874,4.131647114173272,15.020000457763672,equity_coupled,momentum_driven,equity_coupled
2025-01-24,0.48863009536233404,0.630221330613683,3.7426121443126195,14.850000381469727,equity_coupled,momentum_driven,equity_coupled
2025-01-27,0.5061539731949228,0.6212223696203305,2.9390919445311474,17.899999618530273,equity_coupled,momentum_driven,equity_coupled
2025-01-28,0.442795377537754,0.5869758792950639,2.8522513556234914,16.40999984741211,equity_coupled,momentum_driven,equity_coupled
2025-01-29,0.26239725391078417,0.5629293151376037,2.3855221416359504,16.559999465942383,equity_coupled,momentum_driven,equity_coupled
2025-01-30,0.27844737182429,0.565874199803031,1.7936077198189821,15.84000015258789,equity_coupled,momentum_driven,equity_coupled
2025-01-31,0.4921918049203792,0.5681734269008877,1.7914211789864898,16.43000030517578,equity_coupled,momentum_driven,equity_coupled
2025-02-03,0.3418650158603083,0.5166361289744499,2.521822019658819,18.6200008392334,equity_coupled,momentum_driven,equity_coupled
2025-02-04,0.22834335829937438,0.31788123088312087,2.873828814155268,17.209999084472656,crypto_native,n/a,transition
2025-02-05,0.033396562743469686,0.3062019892426742,3.8134071899906843,15.770000457763672,crypto_native,n/a,transition
2025-02-06,0.012951860331479308,0.3130627086965774,4.311661577419955,15.5,crypto_native,n/a,transition
2025-02-07,-0.14842494350349322,0.32593430976125837,3.4426159468342483,16.540000915527344,crypto_native,n/a,transition
2025-02-10,-0.3213340422968331,0.28393553862244364,3.336238210905871,15.8100004196167,crypto_native,n/a,transition
2025-02-11,-0.26288404482672834,0.2887852366802756,3.417341654668016,16.020000457763672,crypto_native,n/a,transition
2025-02-12,-0.292450602209359,0.24605344475265664,3.1901416821244952,15.890000343322754,crypto_native,n/a,transition
2025-02-13,-0.3269344111376501,0.18719388157137148,2.167013601757771,15.100000381469727,crypto_native,n/a,crypto_native
2025-02-14,-0.44539668338663124,0.19103349448081489,2.1115737143226685,14.770000457763672,crypto_native,n/a,crypto_native
2025-02-18,-0.4395735071012805,0.20650271753669502,2.141193157572622,15.350000381469727,crypto_native,n/a,transition
2025-02-19,-0.37089744970076105,0.19762690502770788,3.222546719983675,15.270000457763672,crypto_native,n/a,crypto_native
2025-02-20,-0.4516857543745172,0.15922716165094605,3.1907166017954878,15.65999984741211,crypto_native,n/a,crypto_native
2025-02-21,-0.20557569665003603,0.12796786943407545,1.945472065864577,18.209999084472656,crypto_native,n/a,crypto_native
2025-02-24,0.07404647390190218,0.17605079049789646,2.8188931657832366,18.979999542236328,crypto_native,n/a,crypto_native
2025-02-25,0.25530894873350535,0.28153371243855774,3.7912370596888083,19.43000030517578,crypto_native,n/a,transition
2025-02-26,0.2118426940464264,0.26617784854546345,4.148763560949392,19.100000381469727,crypto_native,n/a,transition
2025-02-27,0.09397781201970255,0.2349573894016567,3.840781076550347,21.1299991607666,crypto_native,n/a,transition
2025-02-28,0.13193750233320842,0.11053553609513607,2.436010280022584,19.6299991607666,crypto_native,n/a,crypto_native
2025-03-03,0.3628159395321232,0.2936969258867507,2.6888057268428645,22.780000686645508,crypto_native,n/a,transition
2025-03-04,0.2834479037822367,0.19642386912530121,3.248343106295344,23.510000228881836,crypto_native,n/a,crypto_native
2025-03-05,0.4010975234338891,0.20766630650562573,3.3121894631154105,21.93000030517578,crypto_native_bypass,n/a,transition
2025-03-06,0.38720020518739023,0.22228667831806126,3.0309097008446884,24.8700008392334,crypto_native_bypass,n/a,transition
2025-03-07,0.3114057970253118,0.17860962755287849,2.8154016052640407,23.3700008392334,crypto_native_bypass,n/a,crypto_native
2025-03-10,0.2984429168520862,0.21585665999200154,2.461630572260722,27.860000610351562,crypto_native,n/a,transition
2025-03-11,0.2201192684874469,0.17157580617186027,3.5856979031894216,26.920000076293945,crypto_native_bypass,n/a,crypto_native
2025-03-12,0.24887259441826734,0.1891964193569626,2.322597828773794,24.229999542236328,crypto_native,n/a,crypto_native
2025-03-13,0.2587538745643835,0.22476527793730156,2.5009558678654162,24.65999984741211,crypto_native,n/a,transition
2025-03-14,0.3903492753699023,0.29038298084246894,2.111896825950104,21.770000457763672,crypto_native,n/a,transition
2025-03-17,0.41380034421073764,0.3021114294363096,2.223119997577004,20.510000228881836,crypto_native,n/a,transition
2025-03-18,0.4723809801729914,0.3439559999592661,2.032952657364378,21.700000762939453,crypto_native,n/a,transition
2025-03-19,0.5413636225602877,0.423396449998983,2.5350511639436384,19.899999618530273,transition,n/a,transition
2025-03-20,0.5699518932645744,0.42569868607648365,2.6213532585400774,19.799999237060547,transition,n/a,transition
2025-03-21,0.513734162324819,0.4256381045901887,2.6279038019198175,19.280000686645508,transition,n/a,transition
2025-03-24,0.5445769814143099,0.4459396244459708,2.5193711477573086,17.479999542236328,transition,n/a,transition
2025-03-25,0.5093303828817882,0.44097282258560866,2.8482163881109597,17.149999618530273,transition,n/a,transition
2025-03-26,0.5165750299361471,0.4421878737360906,2.436986536445809,18.329999923706055,transition,n/a,transition
2025-03-27,0.6146118545185421,0.4479968590012397,2.5788899947211705,18.690000534057617,transition,n/a,transition
2025-03-28,0.6316250542449768,0.4886776993131986,1.5752533462926401,21.649999618530273,transition,n/a,transition
2025-03-31,0.838782726175786,0.4886628611052205,1.261823655690669,22.280000686645508,transition,n/a,transition
2025-04-01,0.815744534036162,0.4970804988475638,1.6391960352723727,21.770000457763672,transition,n/a,transition
2025-04-02,0.6717787828066323,0.4602310791091069,2.2529429977380873,21.510000228881836,transition,n/a,transition
2025-04-03,0.2850243021285112,0.3344846220189579,1.1305665659700566,30.020000457763672,crypto_native,n/a,transition
2025-04-04,0.11082390541114889,0.21377371117005367,0.8230686560435384,45.310001373291016,crypto_native,n/a,transition
2025-04-07,0.11374167917189659,0.2263107608632559,0.8429480673010512,46.97999954223633,crypto_native,n/a,transition
2025-04-08,0.01567012902004156,0.246014007158298,0.8878242817303456,52.33000183105469,crypto_native,n/a,transition
2025-04-09,0.5974455388759357,0.4856468565903889,0.7975190588531071,33.619998931884766,transition,n/a,transition
2025-04-10,0.6297582162709916,0.512919569087198,0.821436369714964,40.720001220703125,equity_coupled,event_spike,equity_coupled
2025-04-11,0.635155061050368,0.536905674294742,0.8167623504836882,37.560001373291016,equity_coupled,event_spike,equity_coupled
2025-04-14,0.6392851991863774,0.5620651277275709,0.8714949687906112,30.889999389648438,equity_coupled,event_spike,equity_coupled
2025-04-15,0.6309743810241333,0.5655521442791327,1.071266631495255,30.1200008392334,equity_coupled,event_spike,equity_coupled
2025-04-16,0.6244456128780164,0.5531969421354745,1.028800816269921,32.63999938964844,equity_coupled,fear_driven,equity_coupled
2025-04-17,0.624252399052283,0.5512373776282876,0.9296356367592474,29.649999618530273,equity_coupled,fear_driven,equity_coupled
2025-04-21,0.59123943600263,0.5536408271633249,1.357639446404575,33.81999969482422,equity_coupled,fear_driven,equity_coupled
2025-04-22,0.6153604302005631,0.5620679252552283,1.4108928559456646,30.56999969482422,equity_coupled,fear_driven,equity_coupled
2025-04-23,0.6664506599569394,0.5889906770165317,1.337940905368734,28.450000762939453,equity_coupled,fear_driven,equity_coupled
2025-04-24,0.667803013708067,0.5784663416189474,1.2687811903683053,26.469999313354492,equity_coupled,neutral_coupled,equity_coupled
2025-04-25,0.7533213132414173,0.5748960465605968,1.1572491709714585,24.84000015258789,equity_coupled,neutral_coupled,equity_coupled
2025-04-28,0.7545784252925052,0.5633191585152173,1.365670446699903,25.149999618530273,equity_coupled,neutral_coupled,equity_coupled
2025-04-29,0.741647394669435,0.5546640379770573,1.5014349993312184,24.170000076293945,equity_coupled,neutral_coupled,equity_coupled
2025-04-30,0.5369940591156285,0.5500918042611531,2.573633179454491,24.700000762939453,equity_coupled,neutral_coupled,equity_coupled
2025-05-01,0.3198253862826012,0.5530138633330582,1.3898637498395803,24.600000381469727,equity_coupled,neutral_coupled,equity_coupled
2025-05-02,0.20086875369762247,0.5642254305573403,1.4453007822539343,22.68000030517578,equity_coupled,neutral_coupled,equity_coupled
2025-05-05,0.21552051360088628,0.5658692578260026,1.5299523836370563,23.639999389648438,equity_coupled,neutral_coupled,equity_coupled
2025-05-06,0.1602653504947079,0.5546367928483653,1.4902008873545554,24.760000228881836,equity_coupled,neutral_coupled,equity_coupled
2025-05-07,0.10688716201515523,0.5544416625723281,1.4886067063468351,23.549999237060547,equity_coupled,neutral_coupled,equity_coupled
2025-05-08,0.09526221808867753,0.5303567367218534,2.8589142997818477,22.479999542236328,equity_coupled,neutral_coupled,equity_coupled
2025-05-09,0.29010778159990774,0.5284828409813459,2.8550316633679875,21.899999618530273,equity_coupled,neutral_coupled,equity_coupled
2025-05-12,-0.2997598511749517,0.46047526693506957,1.777750657285469,18.389999389648438,transition,n/a,transition
2025-05-13,-0.2847938746603689,0.46313497912770696,1.8292958105962602,18.219999313354492,transition,n/a,transition
2025-05-14,-0.22769007407720118,0.46336666047657166,2.0156292335035766,18.6200008392334,transition,n/a,transition
2025-05-15,-0.22414705058422113,0.49394096847603564,2.255582371247518,17.829999923706055,transition,n/a,transition
2025-05-16,-0.22212169424857456,0.5162648877940231,2.297242126695827,17.239999771118164,transition,n/a,equity_coupled
2025-05-19,-0.1886613995197225,0.5889032527997863,0.7273486561793544,18.139999389648438,transition,n/a,equity_coupled
2025-05-20,-0.20928545304797685,0.5891714904859866,0.8237669871188756,18.09000015258789,transition,n/a,equity_coupled
2025-05-21,-0.3277795241030351,0.5334358477847617,1.5238587610460597,20.8700008392334,transition,n/a,equity_coupled
2025-05-22,-0.32985501267223516,0.2483257326571927,1.7390714433214136,20.280000686645508,crypto_native,n/a,transition
2025-05-23,-0.15269528829643506,0.11235117037754765,2.811812278139839,22.290000915527344,crypto_native,n/a,crypto_native
2025-05-27,-0.14236462302578032,0.01183728567017392,1.9060739490172707,18.959999084472656,crypto_native,n/a,crypto_native
2025-05-28,-0.09872817499293561,0.03156270827417813,1.9895963691961023,19.309999465942383,crypto_native,n/a,crypto_native
2025-05-29,-0.20790453942379275,0.0164687271220095,2.0547829130302753,19.18000030517578,crypto_native,n/a,crypto_native
2025-05-30,-0.18788828345963132,0.020180912716576176,2.023151906726459,18.56999969482422,crypto_native,n/a,crypto_native
2025-06-02,-0.10695915026452552,0.02149048313680112,2.0353479037401234,18.360000610351562,crypto_native,n/a,crypto_native
2025-06-03,-0.17161909865685865,0.1201111721546278,1.5601493618102105,17.690000534057617,crypto_native,n/a,crypto_native
2025-06-04,-0.16989051253528,-0.09325633998577787,0.9464385907401267,17.610000610351562,crypto_native,n/a,crypto_native
2025-06-05,-0.08898995074425779,-0.03437334798919375,2.4028191474896676,18.479999542236328,crypto_native,n/a,crypto_native
2025-06-06,0.05805476631613448,-0.0016900082017528649,3.742846594992108,16.770000457763672,crypto_native,n/a,crypto_native
2025-06-09,0.057500996690636456,-0.020402467781297305,4.996676085185441,17.15999984741211,crypto_native,n/a,crypto_native
2025-06-10,0.08092354577064724,-0.018086476223123215,4.752497321215845,16.950000762939453,crypto_native,n/a,crypto_native
2025-06-11,0.3893650199353476,0.005409562624552119,4.580812189614824,17.260000228881836,crypto_native,n/a,crypto_native
2025-06-12,0.41356252117457376,-0.001065440030021545,5.143163942737916,18.020000457763672,crypto_native,n/a,crypto_native
2025-06-13,0.213755727530972,-0.016360518439072744,3.692948443623315,20.81999969482422,crypto_native,n/a,crypto_native
2025-06-16,0.3437743213073851,-0.009843404946900003,3.0914404024562585,19.110000610351562,crypto_native,n/a,crypto_native
2025-06-17,0.3895164865013653,0.035056051042092896,3.0594414846326017,21.600000381469727,crypto_native,n/a,crypto_native
2025-06-18,0.42985906464743934,0.0729275515840313,1.8512739728472996,20.139999389648438,crypto_native,n/a,crypto_native
2025-06-20,0.4422183224105582,0.08095656660251302,1.9676283890170205,20.6200008392334,crypto_native,n/a,crypto_native
2025-06-23,0.5402786170005466,0.10715539303592607,2.9199446363433705,19.829999923706055,crypto_native,n/a,crypto_native
2025-06-24,0.535090534778729,0.1138931481060765,2.2933813374726393,17.479999542236328,crypto_native,n/a,crypto_native
2025-06-25,0.5218241967805418,0.22245626141859678,2.8592844208996633,16.760000228881836,crypto_native,n/a,transition
2025-06-26,0.42543157078690264,0.19940382873728418,2.9491783823231343,16.59000015258789,crypto_native,n/a,crypto_native
2025-06-27,0.3569615394485202,0.1997848436800337,3.448711217638861,16.31999969482422,crypto_native,n/a,crypto_native
2025-06-30,0.4254809065359228,0.18748109538672955,4.022987636015809,16.729999542236328,crypto_native,n/a,crypto_native
2025-07-01,0.44115451322740995,0.19695985814860653,4.259384340182568,16.829999923706055,crypto_native,n/a,crypto_native
2025-07-02,0.4192475760610908,0.21137540140815494,3.5048927614269036,16.639999389648438,crypto_native,n/a,transition
2025-07-03,0.4866979113844614,0.23638963208444075,4.111503574108347,16.3799991607666,crypto_native,n/a,transition
2025-07-07,0.5856426270012917,0.4101696695980165,2.5695443951917145,17.790000915527344,transition,n/a,transition
2025-07-08,0.5607671656340567,0.4234639610905241,2.7037413504977414,16.809999465942383,transition,n/a,transition
2025-07-09,0.4802717427559161,0.38082726507560444,2.9846577109670243,15.9399995803833,transition,n/a,transition
2025-07-10,0.39942999134608276,0.4408497761511441,3.6437063385524913,15.779999732971191,transition,n/a,transition
2025-07-11,0.29490154288514303,0.4008775949411538,2.887568221226377,16.399999618530273,transition,n/a,transition
2025-07-14,0.15037842683952654,0.4253789561983716,2.818802868638472,17.200000762939453,transition,n/a,transition
2025-07-15,0.30882107328904124,0.44322132165242983,4.123408984343863,17.3799991607666,transition,n/a,transition
2025-07-16,0.32595580531076696,0.44646894292644496,4.8766162466466545,17.15999984741211,transition,n/a,transition
2025-07-17,0.40001801440246987,0.45927970552834557,4.524599247993744,16.520000457763672,transition,n/a,transition
2025-07-18,0.43820645018930543,0.4598333413275445,5.459876546898278,16.40999984741211,transition,n/a,transition
2025-07-21,0.5400153162925172,0.41809961916862565,3.2665550879841465,16.649999618530273,transition,n/a,transition
2025-07-22,0.5021398176285173,0.36660316667992265,4.44422410077659,16.5,transition,n/a,transition
2025-07-23,0.2842058037535379,0.36598142578983933,3.499281870914903,15.369999885559082,transition,n/a,transition
2025-07-24,0.30206619169063664,0.3747144058717215,3.8941166830045106,15.390000343322754,transition,n/a,transition
2025-07-25,0.1443794878240368,0.34598002708105013,3.8166549039423057,14.930000305175781,crypto_native,n/a,transition
2025-07-28,0.1857721895788718,0.391771883950275,4.152792761941474,15.029999732971191,transition,n/a,transition
2025-07-29,0.0931596285885,0.42783164500627496,3.3606506332160806,15.979999542236328,transition,n/a,transition
2025-07-30,-0.0017275777530836097,0.42130506081150576,3.1769097307377376,15.479999542236328,transition,n/a,transition
2025-07-31,0.2835063377238229,0.3893126094069765,1.6394277230155572,16.719999313354492,transition,n/a,transition
2025-08-01,0.4830232124513208,0.4628666548762791,1.31983723898197,20.3799991607666,transition,n/a,transition
2025-08-04,0.5094816081240796,0.4345461099979494,1.129126461814751,17.520000457763672,transition,n/a,transition
2025-08-05,0.5137007751517245,0.3905007758975098,1.1467255629469286,17.850000381469727,transition,n/a,transition
2025-08-06,0.5312110661701899,0.4041398828610303,1.1851281100832853,16.770000457763672,transition,n/a,transition
2025-08-07,0.43361335993094674,0.3837727004167661,1.567097075523066,16.56999969482422,transition,n/a,transition
2025-08-08,0.3857526531866646,0.37534214499141094,1.501627817044653,15.149999618530273,transition,n/a,transition
2025-08-11,0.4602023959290327,0.3844618243207392,1.3710869165102377,16.25,transition,n/a,transition
2025-08-12,0.5981682502393294,0.43118170725178684,1.4854690949106546,14.729999542236328,transition,n/a,transition
2025-08-13,0.5414862911255567,0.4240583955807864,2.3096317333438208,14.489999771118164,transition,n/a,transition
2025-08-14,0.45127085883480883,0.3765967609022071,4.426402223770641,14.829999923706055,transition,n/a,transition
2025-08-15,0.4596125190910954,0.37881172867829566,4.215965796900385,15.09000015258789,transition,n/a,transition
2025-08-18,0.4704583807569153,0.36776475507959744,3.9045043117083496,14.989999771118164,transition,n/a,transition
2025-08-19,0.5163101030429091,0.41561517284561467,4.129942188459645,15.569999694824219,transition,n/a,transition
2025-08-20,0.4577741680503295,0.3706853852939921,4.37399078009163,15.6899995803833,transition,n/a,transition
2025-08-21,0.4136694804784416,0.3994508759913407,7.622396358544498,16.600000381469727,transition,n/a,transition
2025-08-22,0.589076815840746,0.542292851068498,3.82876997323795,14.220000267028809,equity_coupled,event_spike,equity_coupled
2025-08-25,0.6229153025457378,0.5583660479157638,3.4362168029858227,14.789999961853027,equity_coupled,event_spike,equity_coupled
2025-08-26,0.6248371961105343,0.5531295951677776,3.546389036504183,14.619999885559082,equity_coupled,momentum_driven,equity_coupled
2025-08-27,0.6814361795709708,0.5491946749001348,3.505847774260149,14.850000381469727,equity_coupled,event_spike,equity_coupled
2025-08-28,0.7271658171345824,0.5475250134260701,3.386510549969326,14.430000305175781,equity_coupled,momentum_driven,equity_coupled
2025-08-29,0.7673594881922421,0.5748200265682382,3.697304946241667,15.359999656677246,equity_coupled,momentum_driven,equity_coupled
2025-09-02,0.635188679620925,0.5070559438883907,3.530484901008676,17.170000076293945,equity_coupled,momentum_driven,equity_coupled
2025-09-03,0.6282014925307389,0.5259365120627277,4.223297220671839,16.350000381469727,equity_coupled,momentum_driven,equity_coupled
2025-09-04,0.632032423138709,0.5267320644337229,3.2952172848470314,15.300000190734863,equity_coupled,momentum_driven,equity_coupled
2025-09-05,0.6179189075424529,0.5210508600452735,3.042234882380307,15.180000305175781,equity_coupled,momentum_driven,equity_coupled
2025-09-08,0.6217323654847771,0.527789312217508,3.114004884044675,15.109999656677246,equity_coupled,momentum_driven,equity_coupled
2025-09-09,0.569420060064983,0.5270565901237279,2.9908084568174695,15.039999961853027,equity_coupled,momentum_driven,equity_coupled
2025-09-10,0.6100407457274064,0.5310269358476948,2.21473000708603,15.350000381469727,equity_coupled,momentum_driven,equity_coupled
2025-09-11,0.5953407661506759,0.5449825916999668,2.6455650665774777,14.710000038146973,equity_coupled,momentum_driven,equity_coupled
2025-09-12,0.4083545728950223,0.5310074386421477,2.4957862085201725,14.760000228881836,equity_coupled,momentum_driven,equity_coupled
2025-09-15,0.28461375287020274,0.5010528095396741,2.464604870066715,15.6899995803833,equity_coupled,momentum_driven,equity_coupled
2025-09-16,0.2227966323544313,0.5003785661012872,2.6952078424459325,16.360000610351562,equity_coupled,momentum_driven,equity_coupled
2025-09-17,0.24640000378145616,0.4962541031520251,2.743235203932514,15.720000267028809,transition,n/a,transition
2025-09-18,0.2398347285587468,0.4951981696883877,2.2985403576522954,15.699999809265137,transition,n/a,transition
2025-09-19,-0.2955957751367359,0.5039761509893519,2.3921004114915196,15.449999809265137,transition,n/a,equity_coupled
2025-09-22,-0.1307374044740467,0.4945643961997063,3.937511804322702,16.100000381469727,transition,n/a,transition
2025-09-23,-0.025951853223129193,0.49216752730764657,2.7550720010845606,16.639999389648438,transition,n/a,transition
2025-09-24,0.001246651883080781,0.45297960093602735,3.066888496429754,16.18000030517578,transition,n/a,transition
2025-09-25,0.290315484389129,0.48416676687763816,3.6538872866013263,16.739999771118164,transition,n/a,transition
2025-09-26,0.30792983617684505,0.5204373223598808,3.4949617253699445,15.289999961853027,transition,n/a,equity_coupled
2025-09-29,0.3189468304502885,0.5164241141063663,4.148140160138978,16.1200008392334,transition,n/a,equity_coupled
2025-09-30,0.2971157500411823,0.5094954531571916,4.200682123913238,16.280000686645508,transition,n/a,equity_coupled
2025-10-01,0.254469556708049,0.45905736438073486,5.172625247177044,16.290000915527344,transition,n/a,transition
2025-10-02,0.24509176506554567,0.47188839853029235,6.164075801496937,16.6299991607666,transition,n/a,transition
2025-10-03,0.24307645147596357,0.4406167027185102,6.8178427290495005,16.649999618530273,transition,n/a,transition
2025-10-06,0.28781650223087246,0.32363528455374196,6.595281754523347,16.3700008392334,crypto_native,n/a,transition
2025-10-07,0.3785894476334757,0.3142621846869492,7.353166139494824,17.239999771118164,crypto_native,n/a,transition
2025-10-08,0.4093555681772258,0.3216388380042155,6.273862802172045,16.299999237060547,crypto_native,n/a,transition
2025-10-09,0.5080925866432274,0.3459755993304679,6.175864725833527,16.43000030517578,crypto_native,n/a,transition
2025-10-10,0.841438405249755,0.6445812513920376,2.949561433572234,21.65999984741211,crypto_native_bypass,n/a,equity_coupled
2025-10-13,0.755456083173812,0.5832060927853977,2.363446102060233,19.030000686645508,equity_coupled,event_spike,equity_coupled
2025-10-14,0.7740359469231258,0.6393908994188794,2.2361668348521286,20.809999465942383,equity_coupled,event_spike,equity_coupled
2025-10-15,0.7393242732569244,0.6139976490485475,2.071913178309738,20.639999389648438,equity_coupled,event_spike,equity_coupled
2025-10-16,0.747208825899714,0.6523580158119314,2.046809689193953,25.309999465942383,equity_coupled,event_spike,equity_coupled
2025-10-17,0.725187006445811,0.6350812440181473,1.724916011417369,20.780000686645508,equity_coupled,neutral_coupled,equity_coupled
2025-10-20,0.7442866813619696,0.6489273045294566,1.9646101939137925,18.229999542236328,equity_coupled,momentum_driven,equity_coupled
2025-10-21,0.7964657745516975,0.6476447138969325,2.0356879362408034,17.8700008392334,equity_coupled,momentum_driven,equity_coupled
2025-10-22,0.8169127390401365,0.6488296050995428,2.352753340249865,18.600000381469727,equity_coupled,momentum_driven,equity_coupled
2025-10-23,0.839254070325051,0.6465422603310386,3.0465603086037505,17.299999237060547,equity_coupled,momentum_driven,equity_coupled
2025-10-24,0.8525980083586673,0.6559482405289137,2.821078826472235,16.3700008392334,equity_coupled,momentum_driven,equity_coupled
2025-10-27,0.8349228293201163,0.6328532774643527,2.631541067858792,15.789999961853027,equity_coupled,momentum_driven,equity_coupled
2025-10-28,0.8455595699631776,0.6465183361521455,2.452581575122396,16.420000076293945,equity_coupled,momentum_driven,equity_coupled
2025-10-29,0.8422210726730683,0.643962416308858,2.7911306134320264,16.920000076293945,equity_coupled,momentum_driven,equity_coupled
2025-10-30,0.5952041607571101,0.6393074532225628,2.063456127242497,16.90999984741211,equity_coupled,momentum_driven,equity_coupled
2025-10-31,0.5725280065090173,0.6475098145199523,2.409968071671153,17.440000534057617,equity_coupled,momentum_driven,equity_coupled
2025-11-03,0.5029426948879845,0.6395553090705486,2.592423141431642,17.170000076293945,equity_coupled,momentum_driven,equity_coupled
2025-11-04,0.6561387307497107,0.6783137313440585,2.4877344510239734,19.0,equity_coupled,momentum_driven,equity_coupled
2025-11-05,0.6177251578891464,0.695411927854381,3.92904731102138,18.010000228881836,equity_coupled,momentum_driven,equity_coupled
2025-11-06,0.6633366620330711,0.6968151347564233,3.607551161298725,19.5,equity_coupled,momentum_driven,equity_coupled
2025-11-07,0.5943403152555348,0.6831477603459525,3.973652307702003,19.079999923706055,crypto_native_bypass,n/a,equity_coupled
2025-11-10,0.6193306364636847,0.6905904060341953,3.162200515673696,17.600000381469727,crypto_native_bypass,n/a,equity_coupled
2025-11-11,0.6026246158319022,0.6758807527475464,3.1548526919198387,17.280000686645508,crypto_native_bypass,n/a,equity_coupled
2025-11-12,0.5936627211599806,0.702307000444463,2.927495429474045,17.510000228881836,crypto_native_bypass,n/a,equity_coupled
2025-11-13,0.5399941046735554,0.7005933036594255,2.114466826738764,20.0,equity_coupled,neutral_coupled,equity_coupled
2025-11-14,0.4656788313777437,0.6748007254146196,2.4698559317595206,19.829999923706055,equity_coupled,momentum_driven,equity_coupled
2025-11-17,0.4660907307521415,0.6750253294440617,2.5289490106833834,22.3799991607666,equity_coupled,neutral_coupled,equity_coupled
2025-11-18,0.4077546055667994,0.6282440911521403,2.230733563176303,24.690000534057617,equity_coupled,neutral_coupled,equity_coupled
2025-11-19,0.3993858029654336,0.6156905626514446,2.551525507121492,23.65999984741211,equity_coupled,neutral_coupled,equity_coupled
2025-11-20,0.4733149363794054,0.6501639002692338,2.846368709174123,26.420000076293945,equity_coupled,neutral_coupled,equity_coupled
2025-11-21,0.48324711325898817,0.5218707828017878,2.274849895229682,23.43000030517578,equity_coupled,neutral_coupled,equity_coupled
2025-11-24,0.510456662189761,0.5533688524181382,2.491743438299598,20.520000457763672,equity_coupled,neutral_coupled,equity_coupled
2025-11-25,0.5025863540467559,0.5448072588876359,1.9748886573169335,18.559999465942383,equity_coupled,momentum_driven,equity_coupled
2025-11-26,0.501208133606169,0.5596708363049524,2.6446551324095458,17.190000534057617,equity_coupled,momentum_driven,equity_coupled
2025-11-28,0.5326531618364873,0.5534806835996935,2.89340056136774,16.350000381469727,equity_coupled,momentum_driven,equity_coupled
2025-12-01,0.49892945478471723,0.5713350190757737,3.0279525040759285,17.239999771118164,crypto_native_bypass,n/a,equity_coupled
2025-12-02,0.45741657946962105,0.5080812321405647,5.338944375777984,16.59000015258789,crypto_native_bypass,n/a,equity_coupled
2025-12-03,0.4635850191921715,0.5076894019026754,5.291573397371245,16.079999923706055,crypto_native_bypass,n/a,equity_coupled
2025-12-04,0.4754673631286327,0.5111621219635991,7.483590589078979,15.779999732971191,crypto_native_bypass,n/a,equity_coupled
2025-12-05,0.47826735946326127,0.49209709552870795,9.549649806861302,15.40999984741211,crypto_native_bypass,n/a,transition
2025-12-08,0.43699735686953745,0.47103468769342244,9.072515297700981,16.65999984741211,crypto_native_bypass,n/a,transition
2025-12-09,0.47363556710766,0.46229365586357835,11.100422290106609,16.93000030517578,crypto_native_bypass,n/a,transition
2025-12-10,0.47031590870801254,0.45941364314157634,9.09828833497241,15.770000457763672,transition,n/a,transition
2025-12-11,0.20790957386173808,0.46449102565988576,6.1393631842583565,14.850000381469727,transition,n/a,transition
2025-12-12,0.39163988038937486,0.4753057657215396,3.343482090288143,15.739999771118164,transition,n/a,transition
2025-12-15,0.3924409457565831,0.4733402133028694,3.452393437058994,16.5,transition,n/a,transition
2025-12-16,0.4457224910897995,0.47673771914712326,3.2996041819159103,16.479999542236328,transition,n/a,transition
2025-12-17,0.39230747207766015,0.44227967199545887,2.8569297986536313,17.6200008392334,transition,n/a,transition
2025-12-18,0.35489120805624214,0.4264204593075554,1.9228135140177487,16.8700008392334,transition,n/a,transition
2025-12-19,0.3805020659521843,0.4376002933978983,2.573907196074039,14.90999984741211,transition,n/a,transition
2025-12-22,0.39221323162659444,0.44252390506649947,2.4089245571726323,14.079999923706055,transition,n/a,transition
2025-12-23,0.34871908054100437,0.41976327567145255,2.580831937750426,14.0,transition,n/a,transition
2025-12-24,0.36339461145008706,0.43464909167676374,2.3893735126937705,13.470000267028809,transition,n/a,transition
2025-12-26,0.4281562482395378,0.43427450881069063,2.2634995772635214,13.600000381469727,transition,n/a,transition
2025-12-29,0.4586229757997478,0.43131133764645524,3.180648804442995,14.199999809265137,transition,n/a,transition
2025-12-30,0.4828889144411191,0.4376373714386239,3.2685027750171263,14.329999923706055,transition,n/a,transition
